"","Year","Site_code","Location","Sample_location","Mesh","Leaf","Person","Rep","Days","T_mu","DD","Initial_AFDM","Final_AFDM","k_ml","k_day_ml","k_dd_ml"
"1",2013,"BUT","DS","3_D","coarse","alder","S",1,43,7.3906976744186,317.8,3.215,0.97,1.19828656517429,0.0278671294226579,0.0037705681723546
"2",2013,"BUT","DS","3_D","coarse","alder","S",2,43,7.3906976744186,317.8,3.215,1.07,1.10016870921577,0.0255853188189713,0.00346182727884131
"3",2013,"BUT","DS","3_D","coarse","alder","S",3,43,7.3906976744186,317.8,3.215,1.45,0.7962638012571,0.0185177628199325,0.00250555003542196
"4",2013,"BUT","DS","3_D","coarse","alder","S",4,43,7.3906976744186,317.8,3.215,1.3,0.905463093222092,0.0210572812377231,0.00284916014229733
"5",2013,"BUT","DS","3_D","coarse","alder","S",5,43,7.3906976744186,317.8,3.215,0.86,1.31865024742417,0.0306662848238178,0.0041493085192705
"6",2013,"BUT","DS","3_D","coarse","alder","S",6,43,7.3906976744186,317.8,3.215,0.79,1.40354969121065,0.032640690493271,0.00441645591947971
"7",2013,"BUT","US1","2_U1","coarse","alder","S",1,43,6.47906976744186,278.6,3.215,1.05,1.11903719352015,0.0260241207795384,0.00401664462857197
"8",2013,"BUT","US1","2_U1","coarse","alder","S",2,43,6.47906976744186,278.6,3.215,0.53,1.80270563012555,0.0419233867471059,0.00647058732995532
"9",2013,"BUT","US1","2_U1","coarse","alder","S",3,43,6.47906976744186,278.6,3.215,1.33,0.88264841545592,0.0205267073361842,0.00316815655224666
"10",2013,"BUT","US1","2_U1","coarse","alder","S",6,43,6.47906976744186,278.6,3.215,1.38,0.845743858520469,0.0196684618260574,0.00303569224163844
"11",2013,"BUT","US1","2_U1","coarse","alder","S",4,43,6.47906976744186,278.6,3.215,0.29,2.4057017136912,0.0559465514811907,0.00863496666795118
"12",2013,"BUT","US1","2_U1","coarse","alder","S",5,43,6.47906976744186,278.6,3.215,1.42,0.817170486076413,0.0190039647924747,0.00293313168010199
"13",2013,"BUT","US2","1_U2","coarse","alder","S",2,43,6.73023255813953,289.4,3.215,0.13,3.20804818621614,0.0746057717724683,0.0110851699592817
"14",2013,"BUT","US2","1_U2","coarse","alder","S",4,43,6.73023255813953,289.4,3.215,1.08,1.09086631655345,0.0253689841058943,0.00376940676072375
"15",2013,"BUT","US2","1_U2","coarse","alder","S",1,43,6.73023255813953,289.4,3.215,0.16,3.00040882143789,0.0697769493357649,0.0103676877036555
"16",2013,"BUT","US2","1_U2","coarse","alder","S",5,43,6.73023255813953,289.4,3.215,0.48,1.90179653276978,0.0442278263434833,0.0065715153171036
"17",2013,"BUT","US2","1_U2","coarse","alder","S",6,43,6.73023255813953,289.4,3.215,0.38,2.13541138395129,0.0496607298593323,0.00737875391828365
"18",2013,"BUT","US2","1_U2","coarse","alder","S",3,43,6.73023255813953,289.4,3.215,1.35,0.867722765239245,0.0201795991916103,0.00299835095106857
"19",2013,"COL","DS","3_D","coarse","alder","S",1,35,5.76571428571429,201.8,3.215,2.39,0.296533991746163,0.0084723997641761,0.00146944495414352
"20",2013,"COL","DS","3_D","coarse","alder","S",2,35,5.76571428571429,201.8,3.215,2.33,0.321959090111973,0.00919883114605638,0.0015954365218631
"21",2013,"COL","DS","3_D","coarse","alder","S",4,35,5.76571428571429,201.8,3.215,2.57,0.223921458782454,0.00639775596521298,0.00110962070754437
"22",2013,"COL","DS","3_D","coarse","alder","S",5,35,5.76571428571429,201.8,3.215,2.09,0.430663291712863,0.0123046654775104,0.00213410947330457
"23",2013,"COL","DS","3_D","coarse","alder","S",6,35,5.76571428571429,201.8,3.215,1.99,0.479692718953182,0.0137055062558052,0.00237706996508019
"24",2013,"COL","DS","3_D","coarse","alder","S",3,35,5.76571428571429,201.8,3.215,1.33,0.88264841545592,0.0252185261558834,0.00437387718263588
"25",2013,"COL","US1","2_U1","coarse","alder","S",3,35,5.77714285714286,202.2,3.215,2.08,0.435459463976356,0.012441698970753,0.00215360763588702
"26",2013,"COL","US1","2_U1","coarse","alder","M",1,35,5.77714285714286,202.2,3.215,1.96,0.494882884447157,0.0141395109842045,0.00244749201012442
"27",2013,"COL","US1","2_U1","coarse","alder","M",2,35,5.77714285714286,202.2,3.215,2.31,0.330579833155881,0.00944513809016801,0.00163491509968289
"28",2013,"COL","US1","2_U1","coarse","alder","S",4,35,5.77714285714286,202.2,3.215,2.25,0.356897141473254,0.0101970611849501,0.00176506993804774
"29",2013,"COL","US1","2_U1","coarse","alder","S",5,35,5.77714285714286,202.2,3.215,2.12,0.416411269005662,0.0118974648287332,0.00205940291298547
"30",2013,"COL","US1","2_U1","coarse","alder","S",6,35,5.77714285714286,202.2,3.215,1.4,0.83135512106837,0.0237530034590963,0.00411154857106019
"31",2013,"COL","US2","1_U2","coarse","alder","M",4,35,5.73142857142857,200.6,3.215,1.87,0.541888926823087,0.0154825407663739,0.0027013406122786
"32",2013,"COL","US2","1_U2","coarse","alder","M",1,35,5.73142857142857,200.6,3.215,1.36,0.860342657941622,0.0245812187983321,0.00428884674945973
"33",2013,"COL","US2","1_U2","coarse","alder","M",2,35,5.73142857142857,200.6,3.215,2.22,0.370320161805395,0.0105805760515827,0.00184606262116348
"34",2013,"COL","US2","1_U2","coarse","alder","S",3,35,5.73142857142857,200.6,3.215,2.29,0.339275540123434,0.00969358686066955,0.00169130378924942
"35",2013,"COL","US2","1_U2","coarse","alder","S",5,35,5.73142857142857,200.6,3.215,1.24,0.952715978072637,0.0272204565163611,0.00474933189467915
"36",2013,"COL","US2","1_U2","coarse","alder","M",6,35,5.73142857142857,200.6,3.215,1.39,0.838523610546982,0.0239578174441995,0.00418007781927708
"37",2013,"DUR","DS","3_D","coarse","alder","S",1,42,7.10238095238095,298.3,3.215,1.96,0.494882884447157,0.0117829258201704,0.00165901067531732
"38",2013,"DUR","DS","3_D","coarse","alder","S",2,42,7.10238095238095,298.3,3.215,1.95,0.499997985113927,0.011904713931284,0.0016761581800668
"39",2013,"DUR","DS","3_D","coarse","alder","S",3,42,7.10238095238095,298.3,3.215,1.6,0.697823728443847,0.0166148506772345,0.00233933532834008
"40",2013,"DUR","DS","3_D","coarse","alder","S",4,42,7.10238095238095,298.3,3.215,2.01,0.469692635618598,0.011183157990919,0.00157456465175527
"41",2013,"DUR","DS","3_D","coarse","alder","S",5,42,7.10238095238095,298.3,3.215,2.05,0.449987564539266,0.0107139896318873,0.00150850675340015
"42",2013,"DUR","DS","3_D","coarse","alder","S",6,42,7.10238095238095,298.3,3.215,2.01,0.469692635618598,0.011183157990919,0.00157456465175527
"43",2013,"DUR","US1","2_U1","coarse","alder","S",4,42,6.59523809523809,277,3.215,2.15,0.402359515550011,0.00957998846547646,0.00145256142797838
"44",2013,"DUR","US1","2_U1","coarse","alder","S",5,42,6.59523809523809,277,3.215,1.92,0.515502171649892,0.0122738612297593,0.00186101867021622
"45",2013,"DUR","US1","2_U1","coarse","alder","S",6,42,6.59523809523809,277,3.215,1.65,0.667052069777093,0.0158821921375498,0.00240813021580178
"46",2013,"DUR","US1","2_U1","coarse","alder","S",1,42,6.59523809523809,277,3.215,2.18,0.388502480888585,0.00925005906877584,0.00140253603208876
"47",2013,"DUR","US2","1_U2","coarse","alder","U",1,42,6.83809523809524,287.2,3.215,1.9,0.525973471517188,0.0125231778932664,0.00183138395375065
"48",2013,"DUR","US2","1_U2","coarse","alder","M",2,42,6.83809523809524,287.2,3.215,2.14,0.407021528655823,0.00969098877751958,0.00141720587972083
"49",2013,"DUR","US2","1_U2","coarse","alder","M",3,42,6.83809523809524,287.2,3.215,1.74,0.613942244463145,0.0146176724872177,0.00213768190969062
"50",2013,"DUR","US2","1_U2","coarse","alder","S",5,42,6.83809523809524,287.2,3.215,2.19,0.383925813861173,0.0091410908062184,0.00133678904547762
"51",2013,"DUR","US2","1_U2","coarse","alder","S",6,42,6.83809523809524,287.2,3.215,1.81,0.574500512411848,0.0136785836288535,0.00200034997357886
"52",2013,"DUR","US2","1_U2","coarse","alder","S",4,42,6.83809523809524,287.2,3.215,1.89,0.531250528618032,0.0126488221099531,0.0018497581080015
"53",2013,"HER","DS","3_D","coarse","alder","S",3,42,7.03095238095238,295.3,3.215,1.53,0.742559622285239,0.0176799910067914,0.00251459404769806
"54",2013,"HER","DS","3_D","coarse","alder","S",4,42,7.03095238095238,295.3,3.215,1.83,0.563511390836253,0.0134169378770536,0.00190826749351931
"55",2013,"HER","DS","3_D","coarse","alder","P",1,42,7.03095238095238,295.3,3.215,1.54,0.736044941264045,0.0175248795539058,0.00249253281836791
"56",2013,"HER","DS","3_D","coarse","alder","P",2,42,7.03095238095238,295.3,3.215,1.01,1.15787702683641,0.0275685006389623,0.00392101939328281
"57",2013,"HER","DS","3_D","coarse","alder","S",6,42,7.03095238095238,295.3,3.215,1.93,0.510307354772789,0.0121501751136378,0.00172809805205821
"58",2013,"HER","DS","3_D","coarse","alder","S",5,42,7.03095238095238,295.3,3.215,1.71,0.631333987175014,0.0150317615994051,0.00213794103344062
"59",2013,"HER","US1","2_U1","coarse","alder","S",4,42,5.79285714285714,243.3,3.215,1.89,0.531250528618032,0.0126488221099531,0.00218352046287724
"60",2013,"HER","US1","2_U1","coarse","alder","S",5,42,5.79285714285714,243.3,3.215,1.94,0.505139384614346,0.0120271282051035,0.0020761996901535
"61",2013,"HER","US1","2_U1","coarse","alder","S",3,42,5.79285714285714,243.3,3.215,1.83,0.563511390836253,0.0134169378770536,0.00231611751268497
"62",2013,"HER","US2","1_U2","coarse","alder","S",5,42,6.06190476190476,254.6,3.215,1.37,0.853016617849549,0.0203099194726083,0.00335041876610192
"63",2013,"HER","US2","1_U2","coarse","alder","S",6,42,6.06190476190476,254.6,3.215,1.6,0.697823728443847,0.0166148506772345,0.0027408630339507
"64",2013,"HER","US2","1_U2","coarse","alder","S",4,42,6.06190476190476,254.6,3.215,1.96,0.494882884447157,0.0117829258201704,0.00194376623899119
"65",2013,"HER","US2","1_U2","coarse","alder","S",1,42,6.06190476190476,254.6,3.215,1.38,0.845743858520469,0.0201367585362017,0.00332185333275911
"66",2013,"HER","US2","1_U2","coarse","alder","S",2,42,6.06190476190476,254.6,3.215,2,0.474680177129637,0.0113019089792771,0.00186441546398129
"67",2013,"HER","US2","1_U2","coarse","alder","S",3,42,6.06190476190476,254.6,3.215,1.89,0.531250528618032,0.0126488221099531,0.00208660851774561
"68",2013,"HOC","DS","3_D","coarse","alder","S",4,32,7.446875,238.3,3.215,1.27,0.928810457219083,0.0290253267880963,0.00389765193965205
"69",2013,"HOC","DS","3_D","coarse","alder","M",6,32,7.446875,238.3,3.215,1.92,0.515502171649892,0.0161094428640591,0.00216324872702431
"70",2013,"HOC","DS","3_D","coarse","alder","S",2,32,7.446875,238.3,3.215,2.01,0.469692635618598,0.0146778948630812,0.00197101399756021
"71",2013,"HOC","DS","3_D","coarse","alder","P",1,32,7.446875,238.3,3.215,1.05,1.11903719352015,0.0349699122975047,0.00469591772354239
"72",2013,"HOC","DS","3_D","coarse","alder","M",3,32,7.446875,238.3,3.215,1.65,0.667052069777093,0.0208453771805342,0.00279921137128449
"73",2013,"HOC","DS","3_D","coarse","alder","M",5,32,7.446875,238.3,3.215,2.07,0.440278750412305,0.0137587109503845,0.00184758183135671
"74",2013,"HOC","US1","2_U1","coarse","alder","P",2,32,7.021875,224.7,3.215,0.42,2.03532792539431,0.0636039976685721,0.00905797919623634
"75",2013,"HOC","US1","2_U1","coarse","alder","P",1,32,7.021875,224.7,3.215,0.45,1.96633505390735,0.0614479704346048,0.00875093481934737
"76",2013,"HOC","US1","2_U1","coarse","alder","M",6,32,7.021875,224.7,3.215,0.99,1.17787769354308,0.0368086779232214,0.00524200130637777
"77",2013,"HOC","US1","2_U1","coarse","alder","S",3,32,7.021875,224.7,3.215,0.35,2.21764948218826,0.0693015463183831,0.00986937909296066
"78",2013,"HOC","US1","2_U1","coarse","alder","M",4,32,7.021875,224.7,3.215,0.65,1.59861027378204,0.0499565710556887,0.00711442044406781
"79",2013,"HOC","US1","2_U1","coarse","alder","S",5,32,7.021875,224.7,3.215,1.63,0.679247342870912,0.021226479464716,0.00302290762292351
"80",2013,"HOC","US2","1_U2","coarse","alder","P",1,32,7.278125,232.9,3.215,0.8,1.39097090900379,0.0434678409063685,0.0059723954873499
"81",2013,"HOC","US2","1_U2","coarse","alder","P",2,32,7.278125,232.9,3.215,1.34,0.875157743726763,0.0273486794914613,0.00375765454584269
"82",2013,"HOC","US2","1_U2","coarse","alder","S",5,32,7.278125,232.9,3.215,0.68,1.55348983850157,0.048546557453174,0.00667020110992515
"83",2013,"HOC","US2","1_U2","coarse","alder","P",3,32,7.278125,232.9,3.215,0.79,1.40354969121065,0.0438609278503329,0.00602640485706592
"84",2013,"HOC","US2","1_U2","coarse","alder","P",4,32,7.278125,232.9,3.215,1.21,0.977206998080933,0.0305377186900292,0.00419582223306541
"85",2013,"HOR","DS","3_D","coarse","alder","M",2,44,7.95454545454545,350,3.215,1.47,0.782564956898938,0.0177855672022486,0.00223589987685411
"86",2013,"HOR","DS","3_D","coarse","alder","M",5,44,7.95454545454545,350,3.215,0.86,1.31865024742417,0.0299693238050947,0.00376757213549762
"87",2013,"HOR","DS","3_D","coarse","alder","P",1,44,7.95454545454545,350,3.215,1.16,1.01940735257131,0.0231683489220752,0.00291259243591803
"88",2013,"HOR","DS","3_D","coarse","alder","M",3,44,7.95454545454545,350,3.215,0.73,1.48253810252928,0.0336940477847564,0.00423582315008367
"89",2013,"HOR","DS","3_D","coarse","alder","P",4,44,7.95454545454545,350,3.215,0.97,1.19828656517429,0.027233785572143,0.00342367590049798
"90",2013,"HOR","US1","2_U1","coarse","alder","S",4,44,7.02727272727273,309.2,3.215,1.08,1.09086631655345,0.0247924162853058,0.00352802819066447
"91",2013,"HOR","US1","2_U1","coarse","alder","M",5,44,7.02727272727273,309.2,3.215,0.99,1.17787769354308,0.0267699475805246,0.0038094362663101
"92",2013,"HOR","US1","2_U1","coarse","alder","M",3,44,7.02727272727273,309.2,3.215,0.99,1.17787769354308,0.0267699475805246,0.0038094362663101
"93",2013,"HOR","US1","2_U1","coarse","alder","M",6,44,7.02727272727273,309.2,3.215,1.46,0.789390921969338,0.0179407027720304,0.00255301074375594
"94",2013,"HOR","US1","2_U1","coarse","alder","S",1,44,7.02727272727273,309.2,3.215,1.36,0.860342657941622,0.019553242225946,0.00278247948881508
"95",2013,"HOR","US1","2_U1","coarse","alder","M",2,44,7.02727272727273,309.2,3.215,2.1,0.425890012960205,0.0096793184763683,0.00137739331487777
"96",2013,"HOR","US2","1_U2","coarse","alder","P",2,44,7.37045454545455,324.3,3.215,0.43,2.01179742798411,0.0457226688178207,0.00620350733266763
"97",2013,"HOR","US2","1_U2","coarse","alder","M",3,44,7.37045454545455,324.3,3.215,1.49,0.769051237732215,0.0174784372211867,0.00237141917277895
"98",2013,"HOR","US2","1_U2","coarse","alder","P",4,44,7.37045454545455,324.3,3.215,0.97,1.19828656517429,0.027233785572143,0.00369499403383994
"99",2013,"HOR","US2","1_U2","coarse","alder","M",5,44,7.37045454545455,324.3,3.215,1.59,0.704093341457442,0.0160021213967601,0.00217111730329153
"100",2013,"HOR","US2","1_U2","coarse","alder","S",6,44,7.37045454545455,324.3,3.215,1.48,0.775785269913559,0.0176314834071263,0.00239218399603318
"101",2013,"HOR","US2","1_U2","coarse","alder","M",1,44,7.37045454545455,324.3,3.215,1.53,0.742559622285239,0.0168763550519372,0.00228973056517187
"102",2013,"KER","DS","3_D","coarse","alder","P",3,34,8.38235294117647,285,3.215,0.88,1.29566072919947,0.0381076685058667,0.00454617799719111
"103",2013,"KER","DS","3_D","coarse","alder","P",4,34,8.38235294117647,285,3.215,1.23,0.960813188305257,0.0282592114207428,0.00337127434493072
"104",2013,"KER","DS","3_D","coarse","alder","M",5,34,8.38235294117647,285,3.215,1.73,0.619705949179895,0.0182266455641146,0.0021744068392277
"105",2013,"KER","DS","3_D","coarse","alder","S",6,34,8.38235294117647,285,3.215,1.14,1.03679909528318,0.0304940910377405,0.00363789156239712
"106",2013,"KER","DS","3_D","coarse","alder","M",1,34,8.38235294117647,285,3.215,0.92,1.25120896662863,0.0368002637243716,0.00439020690045135
"107",2013,"KER","DS","3_D","coarse","alder","P",2,34,8.38235294117647,285,3.215,0.26,2.51490100565619,0.0739676766369468,0.00882421405493401
"108",2013,"KER","US1","2_U1","coarse","alder","P",3,34,7.63529411764706,259.6,3.215,0.61,1.66212367950436,0.0488859905736577,0.00640263358822944
"109",2013,"KER","US1","2_U1","coarse","alder","P",1,34,7.63529411764706,259.6,3.215,0.56,1.74764585294252,0.0514013486159566,0.00673207185262914
"110",2013,"KER","US1","2_U1","coarse","alder","P",2,34,7.63529411764706,259.6,3.215,0.72,1.49633142466162,0.0440097477841653,0.00576398853875816
"111",2013,"KER","US1","2_U1","coarse","alder","P",4,34,7.63529411764706,259.6,3.215,1.72,0.625503066864221,0.0183971490254183,0.00240948793090994
"112",2013,"KER","US1","2_U1","coarse","alder","P",5,34,7.63529411764706,259.6,3.215,1.45,0.7962638012571,0.0234195235663853,0.00306727196169915
"113",2013,"KER","US1","2_U1","coarse","alder","S",6,34,7.63529411764706,259.6,3.215,0.11,3.3751022708793,0.0992677138493913,0.013001164371646
"114",2013,"KER","US2","1_U2","coarse","alder","M",2,34,7.59705882352941,258.3,3.215,0.12,3.28809089388967,0.0967085557026375,0.0127297363294219
"115",2013,"KER","US2","1_U2","coarse","alder","S",5,34,7.59705882352941,258.3,3.215,0.4,2.08411808956374,0.0612975908695217,0.00806859500411823
"116",2013,"KER","US2","1_U2","coarse","alder","M",6,34,7.59705882352941,258.3,3.215,0.12,3.28809089388967,0.0967085557026375,0.0127297363294219
"117",2013,"KER","US2","1_U2","coarse","alder","M",1,34,7.59705882352941,258.3,3.215,0.25,2.55412171880947,0.075121227023808,0.00988819867909204
"118",2013,"KER","US2","1_U2","coarse","alder","S",3,34,7.59705882352941,258.3,3.215,0.31,2.33901033919253,0.0687944217409567,0.00905540201003689
"119",2013,"KER","US2","1_U2","coarse","alder","S",4,34,7.59705882352941,258.3,3.215,0.14,3.13394021406242,0.0921747121783063,0.0121329470153404
"120",2013,"MES","DS","3_D","coarse","alder","M",1,40,4.6175,184.7,3.215,1.81,0.574500512411848,0.0143625128102962,0.00311045215166133
"121",2013,"MES","DS","3_D","coarse","alder","M",2,40,4.6175,184.7,3.215,2.04,0.454877549833458,0.0113719387458364,0.00246279128226019
"122",2013,"MES","DS","3_D","coarse","alder","S",3,40,4.6175,184.7,3.215,1.64,0.673131115853476,0.0168282778963369,0.00364445650164307
"123",2013,"MES","DS","3_D","coarse","alder","S",4,40,4.6175,184.7,3.215,1.06,1.10955844956561,0.0277389612391402,0.00600735489748569
"124",2013,"MES","DS","3_D","coarse","alder","S",5,40,4.6175,184.7,3.215,1.67,0.655003731260919,0.016375093281523,0.0035463114848994
"126",2013,"MES","US1","2_U1","coarse","alder","P",2,40,4.845,193.8,3.215,1.52,0.749117022831398,0.0187279255707849,0.0038654129145067
"127",2013,"MES","US1","2_U1","coarse","alder","M",1,40,4.845,193.8,3.215,0.75,1.45550943014136,0.0363877357535341,0.00751036857658082
"128",2013,"MES","US1","2_U1","coarse","alder","S",3,40,4.845,193.8,3.215,1.48,0.775785269913559,0.019394631747839,0.00400301996859422
"129",2013,"MES","US1","2_U1","coarse","alder","S",4,40,4.845,193.8,3.215,1.8,0.580040692787464,0.0145010173196866,0.00299298603089507
"130",2013,"MES","US1","2_U1","coarse","alder","S",5,40,4.845,193.8,3.215,1.88,0.536555580847725,0.0134138895211931,0.00276860464833707
"131",2013,"MES","US1","2_U1","coarse","alder","P",6,40,4.845,193.8,3.215,2.24,0.361351491822634,0.00903378729556585,0.00186455878133454
"132",2013,"MES","US2","1_U2","coarse","alder","P",3,40,4.62,184.8,3.215,1.73,0.619705949179895,0.0154926487294974,0.00335338717088688
"133",2013,"MES","US2","1_U2","coarse","alder","S",4,40,4.62,184.8,3.215,2.27,0.348047526196271,0.00870118815490678,0.00188337405950363
"134",2013,"MES","US2","1_U2","coarse","alder","S",5,40,4.62,184.8,3.215,2.23,0.365825772217555,0.00914564430543888,0.00197957668948894
"135",2013,"MES","US2","1_U2","coarse","alder","P",6,40,4.62,184.8,3.215,2.3,0.334918234754479,0.00837295586886197,0.00181232811014328
"136",2013,"MES","US2","1_U2","coarse","alder","P",1,40,4.62,184.8,3.215,2.02,0.464729846276469,0.0116182461569117,0.00251477189543544
"137",2013,"MES","US2","1_U2","coarse","alder","S",2,40,4.62,184.8,3.215,2,0.474680177129637,0.0118670044282409,0.00256861567710843
"138",2013,"NIE","DS","3_D","coarse","alder","S",3,36,7.77222222222222,279.8,3.215,2.16,0.397719135993509,0.0110477537775975,0.00142144080054864
"139",2013,"NIE","DS","3_D","coarse","alder","M",4,36,7.77222222222222,279.8,3.215,0.53,1.80270563012555,0.0500751563923764,0.00644283641931934
"140",2013,"NIE","DS","3_D","coarse","alder","M",2,36,7.77222222222222,279.8,3.215,0.33,2.27648998221119,0.0632358328391998,0.00813613288853179
"141",2013,"NIE","DS","3_D","coarse","alder","S",1,36,7.77222222222222,279.8,3.215,0.47,1.92284994196762,0.0534124983879893,0.00687222995699648
"142",2013,"NIE","DS","3_D","coarse","alder","M",5,36,7.77222222222222,279.8,3.215,1.66,0.661009755321131,0.0183613820922536,0.0023624365808475
"144",2013,"NIE","US1","2_U1","coarse","alder","M",4,36,7.71111111111111,277.6,3.215,0.33,2.27648998221119,0.0632358328391998,0.00820061232785012
"145",2013,"NIE","US1","2_U1","coarse","alder","S",5,36,7.71111111111111,277.6,3.215,0.9,1.27318787334741,0.0353663298152058,0.00458641164750508
"146",2013,"NIE","US1","2_U1","coarse","alder","S",6,36,7.71111111111111,277.6,3.215,0.23,2.63750332774852,0.0732639813263479,0.00950109267920938
"149",2013,"NIE","US2","1_U2","coarse","alder","M",2,36,7.73888888888889,278.6,3.215,2.04,0.454877549833458,0.0126354874953738,0.00163272630952426
"150",2013,"NIE","US2","1_U2","coarse","alder","S",1,36,7.73888888888889,278.6,3.215,0.21,2.72847510595425,0.0757909751653959,0.00979352155762473
"151",2013,"NIE","US2","1_U2","coarse","alder","M",6,36,7.73888888888889,278.6,3.215,0.9,1.27318787334741,0.0353663298152058,0.00456994929414002
"152",2013,"NIE","US2","1_U2","coarse","alder","P",3,36,7.73888888888889,278.6,3.215,0.4,2.08411808956374,0.0578921691545483,0.00748068230281313
"153",2013,"NIE","US2","1_U2","coarse","alder","M",4,36,7.73888888888889,278.6,3.215,1.18,1.00231291921201,0.0278420255336669,0.00359767738410628
"154",2013,"NIE","US2","1_U2","coarse","alder","P",5,36,7.73888888888889,278.6,3.215,1.72,0.625503066864221,0.0173750851906728,0.00224516535127143
"155",2013,"ROM","DS","3_D","coarse","alder","P",6,35,5.95428571428571,208.4,3.215,2.27,0.348047526196271,0.00994421503417918,0.00167009369575946
"156",2013,"ROM","DS","3_D","coarse","alder","S",1,35,5.95428571428571,208.4,3.215,2.41,0.288200610187019,0.00823430314820054,0.00138292039437149
"157",2013,"ROM","DS","3_D","coarse","alder","P",2,35,5.95428571428571,208.4,3.215,2.39,0.296533991746164,0.0084723997641761,0.00142290782987602
"158",2013,"ROM","DS","3_D","coarse","alder","M",3,35,5.95428571428571,208.4,3.215,2.04,0.454877549833458,0.0129965014238131,0.00218271377079394
"159",2013,"ROM","DS","3_D","coarse","alder","M",5,35,5.95428571428571,208.4,3.215,2.26,0.352462544405388,0.0100703584115825,0.00169127900386463
"160",2013,"ROM","US1","2_U1","coarse","alder","S",1,35,5.4,189,3.215,2.55,0.231733998519248,0.00662097138626422,0.00122610581227115
"161",2013,"ROM","US1","2_U1","coarse","alder","M",2,35,5.4,189,3.215,2.08,0.435459463976356,0.012441698970753,0.00230401832791723
"162",2013,"ROM","US1","2_U1","coarse","alder","S",3,35,5.4,189,3.215,2.38,0.300726870006199,0.00859219628589141,0.00159114746035026
"163",2013,"ROM","US1","2_U1","coarse","alder","M",4,35,5.4,189,3.215,1.99,0.479692718953181,0.0137055062558052,0.002538056714038
"164",2013,"ROM","US1","2_U1","coarse","alder","M",5,35,5.4,189,3.215,2.45,0.271739333132947,0.00776398094665563,0.00143777424938067
"165",2013,"ROM","US1","2_U1","coarse","alder","M",6,35,5.4,189,3.215,2.21,0.374834842159921,0.0107095669188549,0.00198325313312128
"166",2013,"ROM","US2","1_U2","coarse","alder","M",2,35,5.42,189.7,3.215,1.74,0.613942244463145,0.0175412069846613,0.00323638505252053
"167",2013,"ROM","US2","1_U2","coarse","alder","S",1,35,5.42,189.7,3.215,2.34,0.317676428319973,0.00907646938057065,0.00167462534696875
"168",2013,"ROM","US2","1_U2","coarse","alder","S",5,35,5.42,189.7,3.215,2.14,0.407021528655823,0.0116291865330235,0.00214560637140655
"169",2013,"ROM","US2","1_U2","coarse","alder","S",3,35,5.42,189.7,3.215,2.28,0.343651914723233,0.00981862613494952,0.00181155463744456
"170",2013,"ROM","US2","1_U2","coarse","alder","M",4,35,5.42,189.7,3.215,1.64,0.673131115853476,0.0192323175958136,0.00354839808040841
"171",2013,"ROM","US2","1_U2","coarse","alder","M",6,35,5.42,189.7,3.215,1.51,0.75571770686275,0.0215919344817928,0.00398375174940827
"172",2013,"ROT","DS","3_D","coarse","alder","U",3,35,4.90571428571429,171.7,3.215,2.24,0.361351491822634,0.0103243283377896,0.00210455149576374
"173",2013,"ROT","DS","3_D","coarse","alder","P",4,35,4.90571428571429,171.7,3.215,2.38,0.300726870006199,0.00859219628589141,0.00175146691908095
"174",2013,"ROT","DS","3_D","coarse","alder","M",6,35,4.90571428571429,171.7,3.215,2.39,0.296533991746163,0.0084723997641761,0.0017270471272345
"175",2013,"ROT","DS","3_D","coarse","alder","P",5,35,4.90571428571429,171.7,3.215,2.46,0.267666007745311,0.00764760022129461,0.00155891676031049
"176",2013,"ROT","DS","3_D","coarse","alder","U",2,35,4.90571428571429,171.7,3.215,2.35,0.313412029533515,0.00895462941524328,0.00182534670665996
"177",2013,"ROT","DS","3_D","coarse","alder","P",1,35,4.90571428571429,171.7,3.215,2.42,0.284059817520988,0.00811599478631393,0.00165439614164815
"178",2013,"ROT","US1","2_U1","coarse","alder","S",1,35,4.43428571428571,155.2,3.215,2.51,0.24754460454589,0.00707270298702544,0.00159500389526991
"179",2013,"ROT","US1","2_U1","coarse","alder","M",2,35,4.43428571428571,155.2,3.215,2.6,0.212315912662146,0.00606616893320418,0.00136801490117362
"180",2013,"ROT","US1","2_U1","coarse","alder","P",3,35,4.43428571428571,155.2,3.215,2.4,0.292358620335683,0.00835310343816236,0.00188375399700827
"181",2013,"ROT","US1","2_U1","coarse","alder","M",4,35,4.43428571428571,155.2,3.215,2.52,0.243568456166251,0.00695909874760716,0.0015693843825145
"183",2013,"ROT","US1","2_U1","coarse","alder","M",6,35,4.43428571428571,155.2,3.215,2.52,0.243568456166251,0.00695909874760716,0.0015693843825145
"184",2013,"ROT","US2","1_U2","coarse","alder","M",1,35,4.43428571428571,155.2,3.215,1.74,0.613942244463145,0.0175412069846613,0.00395581343081923
"185",2013,"ROT","US2","1_U2","coarse","alder","M",2,35,4.43428571428571,155.2,3.215,2.26,0.352462544405388,0.0100703584115825,0.00227102154900379
"186",2013,"ROT","US2","1_U2","coarse","alder","S",3,35,4.43428571428571,155.2,3.215,2.33,0.321959090111974,0.00919883114605639,0.00207447867340189
"187",2013,"ROT","US2","1_U2","coarse","alder","M",4,35,4.43428571428571,155.2,3.215,2.58,0.220037958756057,0.00628679882160162,0.00141777035280964
"188",2013,"ROT","US2","1_U2","coarse","alder","M",5,35,4.43428571428571,155.2,3.215,2.47,0.263609207049697,0.00753169162999134,0.00169851293202124
"189",2013,"ROT","US2","1_U2","coarse","alder","M",6,35,4.43428571428571,155.2,3.215,2.38,0.300726870006199,0.00859219628589141,0.00193767313148324
"190",2013,"SEV","DS","3_D","coarse","alder","M",1,39,5.64102564102564,220,3.215,2.01,0.469692635618598,0.0120434009132974,0.00213496652553908
"191",2013,"SEV","DS","3_D","coarse","alder","U",4,39,5.64102564102564,220,3.215,2.28,0.343651914723233,0.00881158755700598,0.00156205415783288
"192",2013,"SEV","DS","3_D","coarse","alder","S",5,39,5.64102564102564,220,3.215,2.31,0.330579833155881,0.00847640597835591,0.001502635605254
"193",2013,"SEV","DS","3_D","coarse","alder","S",2,39,5.64102564102564,220,3.215,2.36,0.309165738652064,0.0079273266321042,0.00140529881205484
"194",2013,"SEV","DS","3_D","coarse","alder","M",3,39,5.64102564102564,220,3.215,2.52,0.243568456166251,0.00624534502990386,0.00110712934621023
"195",2013,"SEV","DS","3_D","coarse","alder","M",6,39,5.64102564102564,220,3.215,2.07,0.440278750412305,0.0112891987285206,0.00200126704732866
"196",2013,"SEV","US1","2_U1","coarse","alder","P",1,39,5.19230769230769,202.5,3.215,2.07,0.440278750412305,0.0112891987285206,0.00217421605141879
"197",2013,"SEV","US1","2_U1","coarse","alder","M",3,39,5.19230769230769,202.5,3.215,1.84,0.558061786068689,0.0143092765658638,0.00275586067194414
"198",2013,"SEV","US1","2_U1","coarse","alder","P",4,39,5.19230769230769,202.5,3.215,1.62,0.68540120844529,0.0175743899601356,0.00338469732565575
"199",2013,"SEV","US1","2_U1","coarse","alder","M",5,39,5.19230769230769,202.5,3.215,1.35,0.867722765239245,0.0222493016728011,0.00428505069253948
"200",2013,"SEV","US1","2_U1","coarse","alder","M",6,39,5.19230769230769,202.5,3.215,1.63,0.679247342870912,0.0174165985351516,0.00335430786602919
"201",2013,"SEV","US1","2_U1","coarse","alder","P",2,39,5.19230769230769,202.5,3.215,1.74,0.613942244463145,0.0157421088323883,0.00303181355290442
"202",2013,"SEV","US2","1_U2","coarse","alder","P",1,39,5.05384615384615,197.1,3.215,1.95,0.499997985113927,0.0128204611567674,0.00253677313604225
"203",2013,"SEV","US2","1_U2","coarse","alder","P",2,39,5.05384615384615,197.1,3.215,1.83,0.563511390836253,0.0144490100214424,0.00285901263742391
"204",2013,"SEV","US2","1_U2","coarse","alder","S",3,39,5.05384615384615,197.1,3.215,2,0.474680177129637,0.0121712865930676,0.00240832154809557
"205",2013,"SEV","US2","1_U2","coarse","alder","S",4,39,5.05384615384615,197.1,3.215,2.05,0.449987564539266,0.011538142680494,0.00228304193069135
"206",2013,"SEV","US2","1_U2","coarse","alder","P",5,39,5.05384615384615,197.1,3.215,0.67,1.56830492428671,0.0402129467765822,0.00795689966659923
"207",2013,"SEV","US2","1_U2","coarse","alder","S",6,39,5.05384615384615,197.1,3.215,1.87,0.541888926823087,0.0138945878672587,0.00274930962365849
