"Year","Site_code","Location","Sample_location","Leaf","Rep","Days","T_mu","DD","k_microbe","k_microbe_day","k_microbe_dd","k_invert","k_invert_day","k_invert_dd"
2013,"BUT","DS","3_D","oak",1,43,7.3906976744186,317.8,0.219757543564479,0.00511064054801114,0.000691496361121708,0.0480284379438685,0.00111694041729927,0.000151127872699397
2013,"BUT","DS","3_D","oak",2,43,7.3906976744186,317.8,0.158304764350815,0.00368150614769338,0.000498127011802439,0.0666509500418703,0.00155002209399698,0.000209726085720171
2013,"BUT","DS","3_D","oak",3,43,7.3906976744186,317.8,0.209249565966064,0.00486626897595497,0.000658431610969363,0.0082401878854557,0.000191632276405947,2.59288479718556e-05
2013,"BUT","DS","3_D","oak",4,43,7.3906976744186,317.8,0.191977979457403,0.00446460417342798,0.000604084265127134,0.0480284379438685,0.00111694041729927,0.000151127872699397
2013,"BUT","DS","3_D","oak",5,43,7.3906976744186,317.8,0.281483123325435,0.00654611914710315,0.000885724113673491,0.0480284379438685,0.00111694041729927,0.000151127872699397
2013,"BUT","DS","3_D","oak",6,43,7.3906976744186,317.8,0.255603675337615,0.00594427151947941,0.00080429098595851,0.0554358792217303,0.00128920649352861,0.000174436372629737
2013,"BUT","US1","2_U1","oak",1,43,6.47906976744186,278.6,0.178372327401625,0.0041481936605029,0.000640245252697863,0.00577035646133637,0.000134194336310148,2.07119758124062e-05
2013,"BUT","US1","2_U1","oak",2,43,6.47906976744186,278.6,0.174999642922985,0.00406975913774384,0.000628139421834118,0.12355339211772,0.00287333470041209,0.00044347951226748
2013,"BUT","US1","2_U1","oak",3,43,6.47906976744186,278.6,0.223284884082447,0.00519267172284761,0.000801453280985094,0.062928770301285,0.00146345977444849,0.000225874983134548
2013,"BUT","US1","2_U1","oak",4,43,6.47906976744186,278.6,0.248330916008535,0.00577513758159383,0.000891352893067246,0.143277897465498,0.00333204412710461,0.000514278167499994
2013,"BUT","US1","2_U1","oak",5,43,6.47906976744186,278.6,0.174999642922985,0.00406975913774384,0.000628139421834118,0.179793110440596,0.00418123512652549,0.000645344976455836
2013,"BUT","US1","2_U1","oak",6,43,6.47906976744186,278.6,0.202305093613253,0.00470476961891286,0.000726148936156686,0.0375190547759166,0.000872536157579457,0.000134669974070053
2013,"BUT","US2","1_U2","oak",1,43,6.73023255813953,289.4,0.17163829522028,0.00399158826093675,0.000593083259226954,0.112719733699837,0.00262138915581016,0.000389494587767231
2013,"BUT","US2","1_U2","oak",2,43,6.73023255813953,289.4,0.158304764350815,0.00368150614769338,0.000547010243091967,0.0939574572443139,0.0021850571452166,0.000324662948321748
2013,"BUT","US2","1_U2","oak",3,43,6.73023255813953,289.4,0.164949307069484,0.00383603039696474,0.000569969962230421,0.0574570550247873,0.0013362105819718,0.000198538545351718
2013,"BUT","US2","1_U2","oak",4,43,6.73023255813953,289.4,0.195408514554192,0.00454438405939982,0.000675219469779517,0.0574570550247873,0.0013362105819718,0.000198538545351718
2013,"BUT","US2","1_U2","oak",5,43,6.73023255813953,289.4,0.209249565966064,0.00486626897595497,0.000723046185093517,0.0939574572443139,0.0021850571452166,0.000324662948321748
2013,"BUT","US2","1_U2","oak",6,43,6.73023255813953,289.4,0.181756425385865,0.00422689361362477,0.000628045699329182,0.0718977391795816,0.00167204044603678,0.000248437246646792
2013,"COL","DS","3_D","oak",1,35,5.76571428571429,201.8,0.148420005118273,0.0042405715748078,0.000735480699297686,0,0,0
2013,"COL","DS","3_D","oak",2,35,5.76571428571429,201.8,0.135390504827939,0.00386830013794113,0.000670914295480374,0.0297542610817926,0.000850121745194074,0.000147444306649121
2013,"COL","DS","3_D","oak",3,35,5.76571428571429,201.8,0.116159142900052,0.0033188326542872,0.000575615177899167,0.0264041741965106,0.000754404977043161,0.000130843281449508
2013,"COL","DS","3_D","oak",4,35,5.76571428571429,201.8,0.161621516976809,0.00461775762790883,0.000800899489478737,0,0,0
2013,"COL","DS","3_D","oak",5,35,5.76571428571429,201.8,0.141884034138488,0.00405382954681393,0.000703092339635717,0.0197374828383214,0.000563928081094898,9.780714984302e-05
2013,"COL","DS","3_D","oak",6,35,5.76571428571429,201.8,0.148420005118273,0.00424057157480781,0.000735480699297687,0,0,0
2013,"COL","US1","2_U1","oak",1,35,5.77714285714286,202.2,0.168288208334998,0.0048082345238571,0.000832285896810081,0.187662023425272,0.00536177209786491,0.000928101006059703
2013,"COL","US1","2_U1","oak",3,35,5.77714285714286,202.2,0.125728593916203,0.00359224554046293,0.000621803135094968,0.0317916527184871,0.000908332934813918,0.000157228747371351
2013,"COL","US1","2_U1","oak",4,35,5.77714285714286,202.2,0.178372327401625,0.00509635221147499,0.000882157900106946,0.028361117621698,0.000810317646334228,0.000140262698425806
2013,"COL","US1","2_U1","oak",5,35,5.77714285714286,202.2,0.174999642922985,0.00499998979779958,0.00086547795708697,0.0181395635501598,0.000518273244290279,8.97109967861512e-05
2013,"COL","US1","2_U1","oak",6,35,5.77714285714286,202.2,0.17163829522028,0.00490395129200801,0.000848854081208112,0.063207848951866,0.00180593854148189,0.000312600637744144
2013,"COL","US2","1_U2","oak",1,35,5.73142857142857,200.6,0.168288208334999,0.0048082345238571,0.000838924268868388,0,0,0
2013,"COL","US2","1_U2","oak",2,35,5.73142857142857,200.6,0.202305093613253,0.00578014553180722,0.00100849996816178,0,0,0
2013,"COL","US2","1_U2","oak",3,35,5.73142857142857,200.6,0.226824710787571,0.00648070602250204,0.00113073135985828,0,0,0
2013,"COL","US2","1_U2","oak",4,35,5.73142857142857,200.6,0.164949307069484,0.00471283734484239,0.000822279696258643,0,0,0
2013,"COL","US2","1_U2","oak",5,35,5.73142857142857,200.6,0.188559172708617,0.00538740493453193,0.00093997593573588,0.0277795641070757,0.000793701831630734,0.000138482373415133
2013,"COL","US2","1_U2","oak",6,35,5.73142857142857,200.6,0.202305093613253,0.00578014553180722,0.00100849996816178,0.0709517359722845,0.00202719245635099,0.000353697587100122
2013,"DUR","DS","3_D","oak",1,42,7.10238095238095,298.3,0.151704080319463,0.00361200191236817,0.000508562119743423,0.0120795256546012,0.000287607753680982,4.04945546584017e-05
2013,"DUR","DS","3_D","oak",2,42,7.10238095238095,298.3,0.161621516976809,0.00384813135659069,0.00054180863887633,0.091543697008848,0.002179611833544,0.000306884669825169
2013,"DUR","DS","3_D","oak",3,42,7.10238095238095,298.3,0.216242601457034,0.00514863336802462,0.000724916531870715,0.0155577900309259,0.000370423572164902,5.21548442203349e-05
2013,"DUR","DS","3_D","oak",4,42,7.10238095238095,298.3,0.202305093613253,0.00481678794317268,0.000678193408022972,0.0366853364568013,0.000873460391828602,0.000122981349167956
2013,"DUR","DS","3_D","oak",5,42,7.10238095238095,298.3,0.205771301589739,0.00489931670451759,0.000689813280555611,0.00515908281002745,0.000122835305000654,1.72949474020364e-05
2013,"DUR","DS","3_D","oak",6,42,7.10238095238095,298.3,0.226824710787571,0.00540058835208503,0.00076039125305924,0.00515908281002722,0.000122835305000648,1.72949474020356e-05
2013,"DUR","US1","2_U1","oak",1,42,6.59523809523809,277,0.226824710787571,0.00540058835208503,0.000818861771796286,0,0,0
2013,"DUR","US1","2_U1","oak",2,42,6.59523809523809,277,0.164949307069484,0.00392736445403533,0.000595484863066729,0.00985800966769833,0.000234714515897579,3.55884825548676e-05
2013,"DUR","US1","2_U1","oak",3,42,6.59523809523809,277,0.205771301589739,0.00489931670451759,0.000742856684439491,0,0,0
2013,"DUR","US1","2_U1","oak",4,42,6.59523809523809,277,0.174999642922985,0.00416665816483298,0.000631767663981896,0.0454489547704011,0.00108211797072384,0.000164075648990618
2013,"DUR","US1","2_U1","oak",5,42,6.59523809523809,277,0.216242601457034,0.00514863336802462,0.000780659211036225,0.0454489547704011,0.00108211797072384,0.000164075648990618
2013,"DUR","US1","2_U1","oak",6,42,6.59523809523809,277,0.230377112391939,0.00548516934266522,0.00083168632632469,0.0454489547704011,0.00108211797072384,0.000164075648990618
2013,"DUR","US2","1_U2","oak",1,42,6.83809523809524,287.2,0.230377112391939,0.00548516934266522,0.000802148720027643,0.0746349813885808,0.00177702336639478,0.000259871105113443
2013,"DUR","US2","1_U2","oak",2,42,6.83809523809524,287.2,0.181756425385865,0.00432753393775869,0.000632856634351898,0.0672820070833218,0.0016019525496029,0.000234268826891789
2013,"DUR","US2","1_U2","oak",3,42,6.83809523809524,287.2,0.178372327401625,0.00424696017622915,0.00062107356337613,0.0172715865086606,0.000411228250206205,6.01378360329408e-05
2013,"DUR","US2","1_U2","oak",5,42,6.83809523809524,287.2,0.198850858745165,0.00473454425583727,0.000692377641870352,0.119925740568744,0.00285537477544629,0.000417568734570836
2013,"DUR","US2","1_U2","oak",6,42,6.83809523809524,287.2,0.17163829522028,0.00408662607667334,0.000597626376115182,0.0383991329345359,0.000914265069869903,0.000133701716345877
2013,"HER","DS","3_D","oak",1,42,7.03095238095238,295.3,0.223284884082447,0.00531630676386779,0.000756128967431247,0.0774753121682906,0.0018446502897212,0.000262361368670134
2013,"HER","DS","3_D","oak",2,42,7.03095238095238,295.3,0.216242601457034,0.00514863336802462,0.000732281075032287,0.0339902002285517,0.000809290481632182,0.000115103962846433
2013,"HER","DS","3_D","oak",3,42,7.03095238095238,295.3,0.185152014387003,0.00440838129492865,0.000626996323694558,0.0591261735000941,0.00140776603571653,0.00020022408906229
2013,"HER","DS","3_D","oak",5,42,7.03095238095238,295.3,0.457085729870645,0.0108829935683487,0.00154786904798728,0,0,0
2013,"HER","DS","3_D","oak",6,42,7.03095238095238,295.3,0.148420005118273,0.00353380964567317,0.000502607535110983,0,0,0
2013,"HER","US1","2_U1","oak",1,42,5.79285714285714,243.3,0.174999642922985,0.00416665816483298,0.000719275145593856,0.054435206555017,0.00129607634654802,0.000223736977209277
2013,"HER","US1","2_U1","oak",2,42,5.79285714285714,243.3,0.161621516976809,0.00384813135659069,0.000664289013468184,0.0756374142056201,0.00180089081441953,0.000310881274992273
2013,"HER","US1","2_U1","oak",3,42,5.79285714285714,243.3,0.205771301589739,0.00489931670451759,0.000845751342333493,0.01669487857217,0.00039749710886119,6.86184898157418e-05
2013,"HER","US1","2_U1","oak",4,42,5.79285714285714,243.3,0.116159142900052,0.00276569387857266,0.000477431742293677,0.0509448016152484,0.00121297146702972,0.000209390882101309
2013,"HER","US1","2_U1","oak",5,42,5.79285714285714,243.3,0.135390504827939,0.00322358344828427,0.000556475564438715,0.01669487857217,0.00039749710886119,6.86184898157418e-05
2013,"HER","US2","1_U2","oak",1,42,6.06190476190476,254.6,0.164949307069484,0.00392736445403533,0.000647876304279198,0.0905778758096461,0.00215661609070586,0.000355765419519427
2013,"HER","US2","1_U2","oak",2,42,6.06190476190476,254.6,0.168288208334998,0.00400686210321425,0.000660990606186168,0.101506946341836,0.00241683205575801,0.000398691855231093
2013,"HER","US2","1_U2","oak",3,42,6.06190476190476,254.6,0.148420005118273,0.00353380964567317,0.000582953672891883,0.0549869307069433,0.0013092126358796,0.000215973804819102
2013,"HER","US2","1_U2","oak",4,42,6.06190476190476,254.6,0.132159484246493,0.00314665438682126,0.000519086740952447,0.0549869307069433,0.0013092126358796,0.000215973804819102
2013,"HER","US2","1_U2","oak",5,42,6.06190476190476,254.6,0.145146679773304,0.00345587332793581,0.000570096935480377,0.112556782528421,0.00267992339353384,0.000442092625798984
2013,"HER","US2","1_U2","oak",6,42,6.06190476190476,254.6,0.188559172708617,0.00448950411210994,0.000740609476467469,0.044552053414364,0.00106076317653248,0.000174988426607871
2013,"HOC","DS","3_D","oak",1,32,7.446875,238.3,0.161621516976809,0.00505067240552529,0.000678227096000038,0.0943321846163481,0.00294788076926088,0.000395854740311994
2013,"HOC","DS","3_D","oak",2,32,7.446875,238.3,0.100410785931913,0.00313783706037227,0.000421362928795269,0.168715904738176,0.005272372023068,0.000707997921687688
2013,"HOC","DS","3_D","oak",3,32,7.446875,238.3,0.132159484246493,0.0041299838827029,0.000554592883955069,0.0836368954996,0.0026136529843625,0.000350973124211498
2013,"HOC","DS","3_D","oak",5,32,7.446875,238.3,0.141884034138488,0.00443387606682774,0.000595400898608845,0.0251003930470273,0.000784387282719604,0.000105331066080685
2013,"HOC","DS","3_D","oak",6,32,7.446875,238.3,0.181756425385865,0.00567988829330829,0.000762721046520626,0.080097068794476,0.00250303339982738,0.00033611862691765
2013,"HOC","US1","2_U1","oak",1,32,7.021875,224.7,0.125728593916203,0.00392901855988133,0.000559539803810425,0.0750496321128733,0.00234530100352729,0.000333999252838778
2013,"HOC","US1","2_U1","oak",2,32,7.021875,224.7,0.154998976216316,0.00484371800675987,0.000689804077509194,0.0786532396161721,0.00245791373800538,0.000350036669408865
2013,"HOC","US1","2_U1","oak",3,32,7.021875,224.7,0.168288208334998,0.0052590065104687,0.000748946187516682,0.119174437021811,0.00372420115693161,0.000530371326309797
2013,"HOC","US1","2_U1","oak",4,32,7.021875,224.7,0.145146679773304,0.00453583374291575,0.000645957631389871,0.0678811426342608,0.00212128570732065,0.000302096762947311
2013,"HOC","US1","2_U1","oak",5,32,7.021875,224.7,0.198850858745165,0.00621408933578641,0.000884961543147152,0.0293474786320181,0.000917108707250566,0.000130607381539912
2013,"HOC","US1","2_U1","oak",6,32,7.021875,224.7,0.205771301589739,0.00643035317467934,0.000915760131685531,0.126721642657195,0.00396005133303733,0.000563959246360456
2013,"HOC","US2","1_U2","oak",1,32,7.278125,232.9,0.209249565966064,0.00653904893643949,0.000898452408613413,0.0284642611553932,0.000889508161106037,0.000122216664471418
2013,"HOC","US2","1_U2","oak",2,32,7.278125,232.9,0.202305093613253,0.00632203417541415,0.000868635009073648,0.0753196784368983,0.00235373995115307,0.000323399220424639
2013,"HOC","US2","1_U2","oak",3,32,7.278125,232.9,0.195408514554192,0.00610651607981851,0.000839023248407867,NA,NA,NA
2013,"HOC","US2","1_U2","oak",4,32,7.278125,232.9,0.195408514554192,0.00610651607981851,0.000839023248407868,0.0679667041316395,0.00212395950411373,0.000291827840840015
2013,"HOC","US2","1_U2","oak",5,32,7.278125,232.9,0.154998976216316,0.00484371800675986,0.0006655172873178,0.0790165403182243,0.00246926688494451,0.000339272392950727
2013,"HOR","DS","3_D","oak",1,44,7.95454545454545,350,0.255603675337615,0.00580917443949124,0.000730296215250327,0,0,0
2013,"HOR","DS","3_D","oak",2,44,7.95454545454545,350,0.300387277964588,0.00682698359010427,0.000858249365613109,NA,NA,NA
2013,"HOR","DS","3_D","oak",3,44,7.95454545454545,350,0.230377112391939,0.00523584346345316,0.000658220321119826,0,0,0
2013,"HOR","DS","3_D","oak",4,44,7.95454545454545,350,0.426314071203891,0.0096889561637248,0.00121804020343969,0,0,0
2013,"HOR","DS","3_D","oak",5,44,7.95454545454545,350,0.0635968128091963,0.00144538210929992,0.000181705179454847,0,0,0
2013,"HOR","US1","2_U1","oak",1,44,7.02727272727273,309.2,0.230377112391939,0.00523584346345316,0.000745074749003684,0.0527655940527119,0.00119921804665254,0.000170651985940207
2013,"HOR","US1","2_U1","oak",2,44,7.02727272727273,309.2,0.100410785931913,0.00228206331663438,0.000324743809611619,0.0797421817509139,0.00181232231252077,0.000257898388586397
2013,"HOR","US1","2_U1","oak",3,44,7.02727272727273,309.2,0.241110668035048,0.00547978790988745,0.000779788706452289,0.0117915198424062,0.000267989087327414,3.81355751694897e-05
2013,"HOR","US1","2_U1","oak",5,44,7.02727272727273,309.2,0.255603675337615,0.00580917443949124,0.000826661304455416,0,0,0
2013,"HOR","US1","2_U1","oak",6,44,7.02727272727273,309.2,0.248330916008535,0.00564388445473943,0.000803140090583878,0.0117915198424061,0.000267989087327411,3.81355751694893e-05
2013,"HOR","US2","1_U2","oak",1,44,7.37045454545455,324.3,0.209249565966064,0.00475567195377418,0.000645234554320271,0.0747439022228477,0.00169872505051927,0.00023047765101094
2013,"HOR","US2","1_U2","oak",2,44,7.37045454545455,324.3,0.223284884082447,0.00507465645641925,0.000688513364423211,0.0372863396879473,0.000847416811089712,0.000114974837150624
2013,"HOR","US2","1_U2","oak",3,44,7.37045454545455,324.3,0.251960684059114,0.00572637918316167,0.000776937046127393,0.011876624162579,0.00026992327642225,3.66223378432901e-05
2013,"HOR","US2","1_U2","oak",4,44,7.37045454545455,324.3,0.198850858745165,0.00451933769875375,0.000613169468841089,0.0154672922933077,0.000351529370302448,4.76943949839892e-05
2013,"HOR","US2","1_U2","oak",5,44,7.37045454545455,324.3,0.255603675337615,0.00580917443949124,0.000788170445074359,0.0226875402667945,0.000515625915154421,6.99584960431531e-05
2013,"HOR","US2","1_U2","oak",6,44,7.37045454545455,324.3,0.216242601457034,0.00491460457856896,0.000666798031011515,0.00473373665019886,0.000107584923868156,1.45967827634871e-05
2013,"KER","DS","3_D","oak",1,34,8.38235294117647,285,0.158304764350815,0.00465602248090633,0.000555455313511633,0.0105703348587691,0.000310892201728503,3.70888942412951e-05
2013,"KER","DS","3_D","oak",2,34,8.38235294117647,285,0.151704080319463,0.00446188471527833,0.000532295018664783,0.055174641095523,0.00162278356163303,0.000193595231914116
2013,"KER","DS","3_D","oak",3,34,8.38235294117647,285,0.226824710787571,0.00667131502316386,0.000795876178202004,0.0516720105443209,0.00151976501600944,0.000181305300155512
2013,"KER","DS","3_D","oak",4,34,8.38235294117647,285,0.168288208334999,0.00494965318632349,0.000590484941526311,0.0872629556470235,0.0025665575190301,0.000306185809287802
2013,"KER","DS","3_D","oak",5,34,8.38235294117647,285,0.151704080319463,0.00446188471527833,0.000532295018664783,0.0139316825614738,0.000409755369455113,4.88830967069258e-05
2013,"KER","DS","3_D","oak",6,34,8.38235294117647,285,0.112989568138773,0.00332322259231684,0.000396454625048325,NA,NA,NA
2013,"KER","US1","2_U1","oak",1,34,7.63529411764706,259.6,0.17163829522028,0.00504818515353765,0.0006611644654094,0,0,0
2013,"KER","US1","2_U1","oak",2,34,7.63529411764706,259.6,0.209249565966064,0.00615439899900187,0.00080604609386003,0,0,0
2013,"KER","US1","2_U1","oak",3,34,7.63529411764706,259.6,0.185152014387003,0.00544564748197068,0.00071322039440294,0.0311983708558614,0.000917599142819453,0.000120178624252163
2013,"KER","US1","2_U1","oak",4,34,7.63529411764706,259.6,0.148420005118273,0.00436529426818451,0.000571725751611222,0,0,0
2013,"KER","US1","2_U1","oak",5,34,7.63529411764706,259.6,0.233942178556435,0.00688065231048339,0.000901164016010921,0,0,0
2013,"KER","US1","2_U1","oak",6,34,7.63529411764706,259.6,0.185152014387003,0.00544564748197068,0.00071322039440294,0.0743705427210699,0.00218736890356088,0.00028648128937238
2013,"KER","US2","1_U2","oak",1,34,7.59705882352941,258.3,0.13863199875211,0.00407741172800324,0.00053670924797565,0.0647665973160031,0.00190489992105891,0.000250741762741011
2013,"KER","US2","1_U2","oak",2,34,7.59705882352941,258.3,0.209249565966064,0.00615439899900187,0.000810102849268539,0.140560436685537,0.00413413049075108,0.000544175132348187
2013,"KER","US2","1_U2","oak",3,34,7.59705882352941,258.3,0.219757543564479,0.00646345716366114,0.00085078414078389,0.0757758828243724,0.00222870243601095,0.000293363851430013
2013,"KER","US2","1_U2","oak",4,34,7.59705882352941,258.3,0.119338795817432,0.00350996458286563,0.000462016243969925,0.00801378072355354,0.000235699433045692,3.10250899092278e-05
2013,"KER","US2","1_U2","oak",5,34,7.59705882352941,258.3,0.233942178556435,0.00688065231048339,0.000905699491120539,0.0395400343703276,0.00116294218736258,0.00015307794955605
2013,"KER","US2","1_U2","oak",6,34,7.59705882352941,258.3,0.230377112391939,0.00677579742329232,0.000891897454091905,0.0431051005348236,0.00126779707455364,0.000166879986584683
2013,"MES","DS","3_D","oak",1,40,4.6175,184.7,0.181756425385865,0.00454391063464663,0.00098406294199169,0,0,0
2013,"MES","DS","3_D","oak",2,40,4.6175,184.7,0.148420005118273,0.00371050012795683,0.000803573389920266,0,0,0
2013,"MES","DS","3_D","oak",3,40,4.6175,184.7,0.174999642922985,0.00437499107307463,0.000947480470617137,0,0,0
2013,"MES","DS","3_D","oak",4,40,4.6175,184.7,0.0849065993959474,0.00212266498489869,0.000459700050871399,0.0228658247370033,0.000571645618425082,0.000123799809079606
2013,"MES","DS","3_D","oak",5,40,4.6175,184.7,0.154998976216316,0.00387497440540789,0.000839193157641124,0,0,0
2013,"MES","DS","3_D","oak",6,40,4.6175,184.7,0.151704080319463,0.00379260200798658,0.000821353981155729,0.0609986944324471,0.00152496736081118,0.000330258226488614
2013,"MES","US1","2_U1","oak",1,40,4.845,193.8,0.135390504827939,0.00338476262069849,0.000698609416036839,0.0355668309947425,0.000889170774868563,0.000183523379745833
2013,"MES","US1","2_U1","oak",2,40,4.845,193.8,0.248330916008535,0.00620827290021337,0.00128137727558583,0.0459655382156411,0.00114913845539103,0.00023718027975047
2013,"MES","US1","2_U1","oak",3,40,4.845,193.8,0.198850858745165,0.00497127146862913,0.00102606222262727,0.00166527931906132,4.1631982976533e-05,8.59277254417606e-06
2013,"MES","US1","2_U1","oak",4,40,4.845,193.8,0.148420005118273,0.00371050012795683,0.000765841099681493,0.0321244868037697,0.000803112170094243,0.000165761025819245
2013,"MES","US1","2_U1","oak",6,40,4.845,193.8,0.125728593916203,0.00314321484790507,0.000648754354572769,0.0321244868037698,0.000803112170094246,0.000165761025819246
2013,"MES","US2","1_U2","oak",1,40,4.62,184.8,0.132159484246493,0.00330398710616232,0.000715148724277559,0.0406873053153913,0.00101718263288478,0.000220169401057312
2013,"MES","US2","1_U2","oak",2,40,4.62,184.8,0.100410785931913,0.00251026964829782,0.000543348408722471,0.0239924267432212,0.00059981066858053,0.000129829149043405
2013,"MES","US2","1_U2","oak",3,40,4.62,184.8,0.125728593916203,0.00314321484790506,0.000680349534178585,0.0508396767794092,0.00127099191948523,0.000275106476079054
2013,"MES","US2","1_U2","oak",4,40,4.62,184.8,0.151704080319463,0.00379260200798658,0.00082090952553822,0.0108343421657101,0.000270858554142753,5.86273926715915e-05
2013,"MES","US2","1_U2","oak",5,40,4.62,184.8,0.125728593916203,0.00314321484790507,0.000680349534178586,0.0373259576126864,0.000933148940317161,0.00020198029011194
2013,"MES","US2","1_U2","oak",6,40,4.62,184.8,0.17163829522028,0.00429095738050701,0.000928778653789396,0.0508396767794092,0.00127099191948523,0.000275106476079054
2013,"NIE","DS","3_D","oak",1,36,7.77222222222222,279.8,0.132159484246493,0.00367109678462481,0.000472335540552155,0.157819105928059,0.00438386405355718,0.000564042551565613
2013,"NIE","DS","3_D","oak",2,36,7.77222222222222,279.8,0.178372327401625,0.00495478687226735,0.000637499383136614,0.0553673810184642,0.00153798280606845,0.000197881990773639
2013,"NIE","DS","3_D","oak",3,36,7.77222222222222,279.8,0.285235472943986,0.00792320758177738,0.00101942627928515,0.183030525274555,0.00508418125762652,0.000654147695763241
2013,"NIE","DS","3_D","oak",4,36,7.77222222222222,279.8,0.248330916008535,0.00689808100023708,0.000887530078658094,0.222081040146428,0.00616891778184522,0.00079371351017308
2013,"NIE","DS","3_D","oak",5,36,7.77222222222222,279.8,0.29657774954792,0.00823827082077556,0.00105996336507477,0.0666669362723974,0.00185185934089993,0.000238266391252314
2013,"NIE","US1","2_U1","oak",1,36,7.71111111111111,277.6,0.266612960845984,0.00740591557905511,0.000960421328695907,0.0942316249631167,0.00261754513786435,0.000339451098570305
2013,"NIE","US1","2_U1","oak",2,36,7.71111111111111,277.6,0.223284884082447,0.00620235789117909,0.000804340360527548,0.215975061835597,0.00599930727321103,0.000778008147822756
2013,"NIE","US1","2_U1","oak",3,36,7.71111111111111,277.6,0.248330916008535,0.00689808100023708,0.000894563818474549,0.0746615287690195,0.00207393135469499,0.000268953633894163
2013,"NIE","US1","2_U1","oak",4,36,7.71111111111111,277.6,0.212739970905832,0.00590944363627312,0.00076635436205271,0.0478912877044148,0.00133031354734486,0.000172519047926566
2013,"NIE","US1","2_U1","oak",5,36,7.71111111111111,277.6,0.233942178556435,0.00649839384878987,0.000842731190765257,0.0707930519910993,0.00196647366641943,0.000255018198815199
2013,"NIE","US1","2_U1","oak",6,36,7.71111111111111,277.6,0.262929715429688,0.00730360320638021,0.000947153153565157,0.168035599546478,0.00466765554295772,0.000605315560325929
2013,"NIE","US2","1_U2","oak",1,36,7.73888888888889,278.6,0.223284884082447,0.00620235789117909,0.000801453280985094,0.00355240160436788,9.86778223435523e-05,1.27509031025409e-05
2013,"NIE","US2","1_U2","oak",2,36,7.73888888888889,278.6,0.209249565966064,0.00581248794350177,0.000751075254723847,0.0659579677917975,0.00183216577199438,0.000236747910236172
2013,"NIE","US2","1_U2","oak",3,36,7.73888888888889,278.6,0.212739970905832,0.00590944363627312,0.000763603628520575,0.092830986042894,0.0025786385011915,0.00033320526217837
2013,"NIE","US2","1_U2","oak",4,36,7.73888888888889,278.6,0.248330916008535,0.00689808100023708,0.000891352893067246,0.152969344781427,0.00424914846615076,0.000549064410557887
2013,"NIE","US2","1_U2","oak",6,36,7.73888888888889,278.6,0.241110668035048,0.00669751855652911,0.000865436712257889,0.0324352757531541,0.000900979882032058,0.000116422382459275
2013,"ROM","DS","3_D","oak",1,35,5.95428571428571,208.4,0.188559172708618,0.00538740493453193,0.00090479449476304,0,0,0
2013,"ROM","DS","3_D","oak",2,35,5.95428571428571,208.4,0.174999642922985,0.00499998979779958,0.000839729572567107,0.0275840736796193,0.000788116390846266,0.000132361198078787
2013,"ROM","DS","3_D","oak",3,35,5.95428571428571,208.4,0.168288208334999,0.0048082345238571,0.00080752499201055,0.055363637786695,0.001581818222477,0.000265660450032126
2013,"ROM","DS","3_D","oak",4,35,5.95428571428571,208.4,0.191977979457403,0.00548508512735438,0.000921199517549919,0.0139784216238407,0.000399383474966877,6.7074959807297e-05
2013,"ROM","DS","3_D","oak",5,35,5.95428571428571,208.4,0.13863199875211,0.00396091425006029,0.000665220723378648,0,0,0
2013,"ROM","DS","3_D","oak",6,35,5.95428571428571,208.4,0.125728593916203,0.00359224554046293,0.000603304193455867,0.0518486956792505,0.00148139130512144,0.000248794125140357
2013,"ROM","US1","2_U1","oak",1,35,5.4,189,0.100410785931913,0.00286887959805464,0.000531273999639749,0.0382769526267951,0.00109362721790843,0.000202523558871932
2013,"ROM","US1","2_U1","oak",2,35,5.4,189,0.128938869546451,0.00368396770132716,0.000682216240986512,0.0722938379050495,0.00206553822585856,0.000382507078862696
2013,"ROM","US1","2_U1","oak",3,35,5.4,189,0.112989568138773,0.00322827337539351,0.000597828402850649,0.0449883872147821,0.00128538249185092,0.000238033794787207
2013,"ROM","US1","2_U1","oak",4,35,5.4,189,0.112989568138773,0.00322827337539351,0.000597828402850649,0.0316102612686058,0.000903150321960165,0.000167250059622253
2013,"ROM","US1","2_U1","oak",5,35,5.4,189,0.168288208334999,0.0048082345238571,0.000890413800714278,0.0118727784302843,0.000339222240865266,6.28189334935677e-05
2013,"ROM","US1","2_U1","oak",6,35,5.4,189,0.158304764350815,0.00452299326716614,0.000837591345771508,0.065397258845989,0.0018684931098854,0.00034601724257137
2013,"ROM","US2","1_U2","oak",1,35,5.42,189.7,0.178372327401625,0.00509635221147499,0.000940286385880994,0.03334776514623,0.000952793289892287,0.000175792119906326
2013,"ROM","US2","1_U2","oak",2,35,5.42,189.7,0.148420005118273,0.0042405715748078,0.000782393279484834,0.0368139731227163,0.00105182780350618,0.000194064170388594
2013,"ROM","US2","1_U2","oak",3,35,5.42,189.7,0.216242601457034,0.00617836004162955,0.00113991882686892,0.0402922374990411,0.00115120678568689,0.00021239977595699
2013,"ROM","US2","1_U2","oak",4,35,5.42,189.7,0.151704080319463,0.0043344022948418,0.000799705220450517,0.0578673823205486,0.0016533537805871,0.00030504682298655
2013,"ROM","US2","1_U2","oak",5,35,5.42,189.7,0.151704080319463,0.0043344022948418,0.000799705220450517,0,0,0
2013,"ROT","DS","3_D","oak",1,35,4.90571428571429,171.7,0.100410785931913,0.00286887959805465,0.000584803645497453,0,0,0
2013,"ROT","DS","3_D","oak",2,35,4.90571428571429,171.7,0.195408514554192,0.00558310041583406,0.00113808103991958,0.00219780308247943,6.27943737851265e-05,1.28002509171778e-05
2013,"ROT","DS","3_D","oak",3,35,4.90571428571429,171.7,0.178372327401625,0.00509635221147499,0.00103886038090637,0,0,0
2013,"ROT","DS","3_D","oak",4,35,4.90571428571429,171.7,0.10354067894084,0.00295830511259543,0.000603032492375307,0,0,0
2013,"ROT","DS","3_D","oak",5,35,4.90571428571429,171.7,0.151704080319463,0.0043344022948418,0.000883541527777887,0,0,0
2013,"ROT","DS","3_D","oak",6,35,4.90571428571429,171.7,0.191977979457403,0.00548508512735438,0.00111810121990334,0.0154870352011621,0.000442486720033203,9.01982248174846e-05
2013,"ROT","US1","2_U1","oak",1,35,4.43428571428571,155.2,0.119338795817431,0.00340967988049804,0.00076893554006077,0,0,0
2013,"ROT","US1","2_U1","oak",2,35,4.43428571428571,155.2,0.161621516976809,0.00461775762790883,0.00104137575371655,NA,NA,NA
2013,"ROT","US1","2_U1","oak",3,35,4.43428571428571,155.2,0.135390504827939,0.00386830013794112,0.000872361500180022,0.0812254399225859,0.00232072685493102,0.000523359793315631
2013,"ROT","US1","2_U1","oak",4,35,4.43428571428571,155.2,0.141884034138488,0.00405382954681393,0.000914201250892318,0.000644953263246458,1.84272360927559e-05,4.15562669617563e-06
2013,"ROT","US1","2_U1","oak",5,35,4.43428571428571,155.2,0.100410785931913,0.00286887959805465,0.000646976713478819,0,0,0
2013,"ROT","US2","1_U2","oak",1,35,4.43428571428571,155.2,0.135390504827939,0.00386830013794113,0.000872361500180022,NA,NA,NA
2013,"ROT","US2","1_U2","oak",2,35,4.43428571428571,155.2,0.145146679773304,0.00414704799352297,0.000935223452147578,0.0119501693706581,0.000341433410590231,7.6998513986199e-05
2013,"ROT","US2","1_U2","oak",3,35,4.43428571428571,155.2,0.097290658595669,0.0027797331027334,0.000626872800229826,0.0251516812291939,0.000718619463691256,0.000162059801734497
2013,"ROT","US2","1_U2","oak",4,35,4.43428571428571,155.2,0.141884034138488,0.00405382954681393,0.000914201250892318,0.0452865896382497,0.00129390256109285,0.000291795036328929
2013,"ROT","US2","1_U2","oak",5,35,4.43428571428571,155.2,0.154998976216316,0.00442854217760902,0.000998704743661828,0.00216216300449513,6.17760858427179e-05,1.39314626578294e-05
2013,"ROT","US2","1_U2","oak",6,35,4.43428571428571,155.2,0.145146679773304,0.00414704799352298,0.000935223452147579,0.0284794713218686,0.000813699180624816,0.000183501748207916
2013,"SEV","DS","3_D","oak",1,39,5.64102564102564,220,0.135390504827939,0.0034715514058446,0.000615411385581542,0,0,0
2013,"SEV","DS","3_D","oak",2,39,5.64102564102564,220,0.188559172708617,0.00483485058227224,0.000857087148675534,0.00868699081346956,0.000222743354191527,3.94863218794071e-05
2013,"SEV","DS","3_D","oak",3,39,5.64102564102564,220,0.13863199875211,0.00355466663466949,0.000630145448873229,0.0256078683018068,0.000656612007738636,0.000116399401371849
2013,"SEV","DS","3_D","oak",4,39,5.64102564102564,220,0.174999642922985,0.0044871703313586,0.000795452922377206,0.00533690392818772,0.000136843690466352,2.42586542190351e-05
2013,"SEV","DS","3_D","oak",5,39,5.64102564102564,220,0.178372327401625,0.00457364942055447,0.00081078330637102,0.00199800266267311,5.12308375044387e-05,9.08183028487777e-06
2013,"SEV","US1","2_U1","oak",1,39,5.19230769230769,202.5,0.174999642922985,0.0044871703313586,0.000864195767520915,0,0,0
2013,"SEV","US1","2_U1","oak",2,39,5.19230769230769,202.5,0.195408514554192,0.00501047473215878,0.000964980318786135,0.0226510250368969,0.000580795513766588,0.000111856913762454
2013,"SEV","US1","2_U1","oak",3,39,5.19230769230769,202.5,0.145146679773304,0.00372170973777703,0.000716773727275576,0.00224215340568983,5.7491112966406e-05,1.10723624972337e-05
2013,"SEV","US1","2_U1","oak",4,39,5.19230769230769,202.5,0.195408514554192,0.00501047473215878,0.000964980318786135,0,0,0
2013,"SEV","US1","2_U1","oak",5,39,5.19230769230769,202.5,0.158304764350815,0.00405909652181578,0.000781751922720075,0.079203194541818,0.0020308511420979,0.000391126886626262
2013,"SEV","US1","2_U1","oak",6,39,5.19230769230769,202.5,0.168288208334998,0.00431508226499996,0.000831052880666659,0.0158016831913219,0.00040517136388005,7.80330034139355e-05
2013,"SEV","US2","1_U2","oak",1,39,5.05384615384615,197.1,0.158304764350815,0.00405909652181578,0.000803169783616516,0,0,0
2013,"SEV","US2","1_U2","oak",2,39,5.05384615384615,197.1,0.205771301589739,0.00527618722024972,0.00104399442714226,0,0,0
2013,"SEV","US2","1_U2","oak",3,39,5.05384615384615,197.1,0.174999642922985,0.0044871703313586,0.000887872363891351,0,0,0
2013,"SEV","US2","1_U2","oak",4,39,5.05384615384615,197.1,0.216242601457034,0.0055446820886419,0.00109712126563691,0,0,0
2013,"SEV","US2","1_U2","oak",5,39,5.05384615384615,197.1,0.266612960845984,0.00683622976528164,0.00135267864457628,0.0362400850151436,0.000929232949106246,0.000183866489168664
2013,"SEV","US2","1_U2","oak",6,39,5.05384615384615,197.1,0.168288208334998,0.00431508226499996,0.000853821452739718,0,0,0
