"","Site_loc","SPEAR","median_msPAFraMix_all","median_msPAFraMix_HM","median_msPAFraMix_Oth","median_msPAFraMix_PB","median_msPAFraMix_org","median_msPAFraMix_F","median_msPAFraMix_H","median_msPAFraMix_I","median_sumTU_HM_gm","median_sumTU_Oth_gm","median_sumTU_PB_gm","median_sumTU_all_gm","median_sumTU_org_gm","median_sumTU_F_gm","median_sumTU_H_gm","median_sumTU_I_gm","median_sumTU_HM_med","median_sumTU_Oth_med","median_sumTU_PB_med","median_sumTU_all_med","median_sumTU_org_med","median_sumTU_F_med","median_sumTU_H_med","median_sumTU_I_med","median_sumTU_HM.DM_gm","median_sumTU_Oth.DM_gm","median_sumTU_PB.DM_gm","median_sumTU_all.DM_gm","median_sumTU_org.DM_gm","median_sumTU_F.DM_gm","median_sumTU_H.DM_gm","median_sumTU_I.DM_gm","median_sumTU_HM.DM_med","median_sumTU_Oth.DM_med","median_sumTU_PB.DM_med","median_sumTU_all.DM_med","median_sumTU_org.DM_med","median_sumTU_F.DM_med","median_sumTU_H.DM_med","median_sumTU_I.DM_med","loc"
"1","AaDS",30.12770607,0.001246525,3.03775e-05,0.0002756805,0.0008530615,0.0011867475,5.15e-09,0.0001214959,0.000719082,0.0089243133033752,4.01966427332763e-05,0.000363698437525222,0.00950355899612278,0.000417696056655422,4.60453403164545e-05,5.03638939287329e-05,0.000265552389736207,0.0109370952683966,3.35089336363012e-05,0.000385123212689526,0.011625440571716,0.000430379163563414,6.86093081779696e-05,5.52039796601454e-05,0.000273542985285823,0.0386206097754989,3.14402552886026e-05,0.0026860987646526,0.0483529619791048,0.00348687317810602,0.00011945927306592,4.40568463950279e-05,0.00253115000850768,0.0345220245213144,2.78551574560778e-05,0.00290601255786138,0.0449132569762667,0.00370262084567627,8.28156350014261e-05,2.72614059901086e-05,0.00280145634043158,"DS"
"2","AaUS1",38.25129745,7.04652e-05,7.0249e-06,0,6.139025e-05,6.139025e-05,0,1.49615e-06,6.027315e-05,0.00396448452225903,5.76574944327423e-07,8.2629975830112e-06,0.00397009219308877,9.29010578306722e-06,4.31652130650455e-07,4.67660448077162e-06,1.03708800203287e-06,0.00487736409655245,5.19612874108517e-07,2.69751922351609e-05,0.00489212703825108,2.73471526968029e-05,1.44927536231884e-06,3.39630041848261e-06,1.02839215686275e-05,0.015955045449847,2.60837935031275e-07,7.97732360189424e-06,0.015962374911967,8.23800557523068e-06,5.01307354191294e-06,2.68268663062829e-06,9.58706236059213e-09,0.0148329431918656,2.32275195315824e-07,6.37749703668131e-06,0.0148388117113014,6.60842587193517e-06,2.71428571428571e-06,3.51398475278685e-06,9.55414012738854e-09,"S1"
"3","BiDS",38.87285235,0.0005029215,1.657055e-05,0.00024673,0.0002424545,0.000473786,2.5e-10,1.511595e-05,0.000219398,0.00989050490709813,3.22603464679091e-05,0.000165030997685981,0.0102473311806533,0.000195915179032008,4.2810933708367e-05,1.09496280864095e-05,0.000114325215877818,0.0129275384586858,2.79151769689517e-05,0.000154506945701021,0.0132833393496999,0.000181253610601985,4.40447995873992e-05,6.95321047645959e-06,0.000106018907103825,0.041680497604673,2.35542226111923e-05,0.00118781562557678,0.0447159238677804,0.00121043614126176,4.11418534073372e-05,5.76002167301348e-06,0.00113711486316054,0.0386110579937304,2.0929003277876e-05,0.00235590110367939,0.0418431251421838,0.00238192519886388,3.39856276371308e-05,6.37393605263604e-06,0.00227576412810108,"DS"
"4","BiUS1",44.26785682,3.01637e-05,4.8355e-06,0,9.37985e-06,9.46485e-06,1e-10,5.777e-07,8.7943e-06,0.00490065725442701,4.24160104086187e-07,5.0685961853451e-05,0.00502043475740026,5.1193717014913e-05,3.51111147311008e-05,6.1439016450495e-06,1.55985371143954e-06,0.00642429957314209,3.44955368649754e-07,5.22739100737609e-05,0.0065426994284638,5.27024604997864e-05,3.34416758213627e-05,1.9996858608801e-06,1.10055526635433e-05,0.0199401217398125,3.67812056051806e-07,2.48753867975773e-05,0.020278203641469,2.53207498740372e-05,2.34943290172668e-05,1.11088203674329e-06,2.51743284280408e-08,0.0187501819588458,3.20779220779221e-07,2.35599450548277e-05,0.0191142898356523,2.39582752960151e-05,2.16797758324657e-05,1.87704138574131e-06,1.85767537164869e-08,"S1"
"5","BuDS",25.28291681,0.0023591143,NA,1.8657e-05,0.0023405407,0.0023591143,0,0.0019337627,0.000408357,0,5.97263373606725e-06,0.00108854208538209,0.00109451471911816,0.00109451471911816,3.41151982118945e-06,0.000819079924159938,0.000266050641400966,0,5.33261738716752e-06,0.000440379378610893,0.000445711995998061,0.000445711995998061,3.16063864450961e-06,0.000159983501871146,0.000277235238095238,0,4.83267905790335e-06,0.00584721541832642,0.00585204809738432,0.00585204809738432,3.76246888738252e-06,5.2563456234226e-05,0.00579088949320481,0,4.38393853906553e-06,0.00656400560580551,0.00656838954434457,0.00656838954434457,3.19444444444444e-06,5.06764417988199e-05,0.00651013471956224,"DS"
"6","BuUS1",28.76560538,1.55281e-05,NA,1.702e-07,1.53579e-05,1.55281e-05,0,1.53579e-05,0,0,6.29710987357415e-07,4.11973739229672e-05,4.18270849103246e-05,4.18270849103246e-05,2.02604615829142e-07,4.09254872748353e-05,6.92820323027552e-08,0,5.64743728308536e-07,1.96247403922024e-05,2.0189484120511e-05,2.0189484120511e-05,1.65063907486306e-07,1.93911050561447e-05,6.85714285714286e-08,0,5.09432534274829e-07,8.56126419084414e-06,9.07069672511897e-06,9.07069672511897e-06,2.21725163682404e-07,8.25953902716174e-06,8.00000000000001e-08,0,4.08177281893997e-07,7.39855103352997e-06,7.80672831542397e-06,7.80672831542397e-06,1.5825e-07,7.16030103352997e-06,8e-08,"S1"
"7","CoDS",22.09069338,0.002437057,NA,2.370905e-05,0.002413427,0.002437057,0,0.00232012145,9.32724e-05,0,1.12769375690625e-05,0.000231590765817528,0.00024286770338659,0.00024286770338659,1.04447214338387e-05,0.000122642100002282,2.19488487118556e-05,0,9.9112491284076e-06,0.000255976159109974,0.000265887408238382,0.000265887408238382,1.2436796085577e-05,0.000120277488694847,3.4801832884097e-05,0,0.000255447830981276,0.000158993575357183,0.000414441406338459,0.000414441406338459,1.04407402527786e-05,0.000108731950679625,2.59579873207945e-06,0,0.000255058625200766,0.0001450136537121,0.000400072278912867,0.000400072278912867,8.33155028235669e-06,0.000104869586523056,2.32533741950833e-06,"DS"
"8","CoUS1",23.15056893,0.002320375,NA,2.7905e-07,0.002320097,0.002320375,0,0.00217674985,0.00014348255,0,1.24162973971989e-06,0.000151330534488373,0.000152572164228093,0.000152572164228093,1.80494293966209e-05,0.000121019320817444,1.22617842743087e-05,0,1.1680218754505e-06,0.000172880231138613,0.000174048253014064,0.000174048253014064,2.12373976095103e-05,0.000118752598234985,3.28902352941176e-05,0,8.93751976105538e-07,0.000124070882437417,0.000124964634413522,0.000124964634413522,1.5787340431911e-05,0.00010811123967076,1.72302334745182e-07,0,8.48840956189971e-07,0.000119048298325966,0.000119897139282156,0.000119897139282156,1.27325273296016e-05,0.000106188922430411,1.26848565952728e-07,"S1"
"9","DuDS",25.63395136,0.000455673,NA,0.0001434035,0.0003123185,0.000455673,2.1e-09,1.65678e-05,0.000295742,0,2.94169648627517e-05,0.000278069042232353,0.000307486007095104,0.000307486007095104,5.43054452840836e-06,2.74406085155743e-05,0.000216149067014683,0,2.42381155826843e-05,0.000311714880077064,0.000335952995659748,0.000335952995659748,1.36019827482398e-05,1.27163237753315e-05,0.000252651314130222,0,0.000720689900395326,0.00292063310271419,0.00364132300310952,0.00364132300310952,4.47064289503054e-05,8.48537301886214e-06,0.00284312576408309,0,0.000718939867735692,0.00319692366163917,0.00391586352937486,0.00391586352937486,2.49236236688768e-05,6.27276007583489e-06,0.00314791523145033,"DS"
"10","DuUS1",30.52156802,9.17225e-05,NA,4e-10,9.17221e-05,9.17225e-05,2e-10,7.51045e-06,8.42115e-05,0,1.91597514830587e-06,2.32080927623479e-05,2.51240679106538e-05,2.51240679106538e-05,1.55188770693782e-06,1.71671743183643e-05,2.96181089497256e-06,0,1.86446079370285e-06,3.83055987339173e-05,4.01700595276202e-05,4.01700595276202e-05,4.59067199890621e-06,7.38114970282548e-06,2.46048050695688e-05,0,9.63207057866412e-07,2.39076365090131e-05,2.48708435668796e-05,2.48708435668796e-05,1.59800035552124e-05,4.64866714519174e-06,9.71623670949423e-08,0,9.00498515447749e-07,1.44654412016732e-05,1.53659397171209e-05,1.53659397171209e-05,8.71791907775769e-06,3.44800232032044e-06,9.71388512140825e-08,"S1"
"11","EkDS",35.0022536,0.000648048,2.64558e-05,0.0002263685,0.000410029,0.000573886,4.1e-09,2.670205e-05,0.00040611,0.0105451435033965,4.52663081671092e-05,0.000195989778754352,0.0109609251966408,0.000234634720867045,1.12092307111561e-05,1.82068416298906e-05,0.000170219668602445,0.0137419681145781,3.81469241317814e-05,0.000221969409261445,0.0141858095177545,0.000255274007857101,2.11455091702726e-05,1.50544925107919e-05,0.000202768753557718,0.0446959434255133,3.65719547143646e-05,0.00130865119704221,0.0474405606948956,0.00133849609469609,8.6246708949689e-05,1.17765818221936e-05,0.00113813818867607,0.0412945277710795,3.22779649133489e-05,0.00140732012561674,0.0441294687717976,0.00145769985226403,6.49672384226182e-05,1.02731547863711e-05,0.00125544832246177,"DS"
"12","EkUS1",32.01732319,0.0003489365,6.5834e-06,0,0.000334932,0.000335216,0,4.3449e-06,0.0002889945,0.00618499173907947,2.44253732168033e-07,1.53219443989692e-05,0.00620073571957164,1.5743980492174e-05,3.92272030365652e-06,8.68304123284561e-06,3.65450057859201e-06,0.0077358872044304,2.28029399632746e-07,7.65720625315084e-05,0.0078009112197462,7.67062410800768e-05,5.93509371303611e-06,4.76441920065289e-06,6.88089038894246e-05,0.0253891121407129,2.25456433929864e-07,1.71384049588184e-05,0.0254065906458422,1.74785051293596e-05,1.37270426186257e-05,3.38625336734351e-06,3.37829816516104e-08,0.0236640622393435,2.16326530612245e-07,1.32146025360369e-05,0.0236776055988368,1.35433594933652e-05,8.6904582822241e-06,5.00182620066775e-06,3.36669699727025e-08,"S1"
"13","ElgDS",39.1906648,0.0003418585,2.48835e-05,0.0001822205,8.716695e-05,0.0003230145,5e-11,9.64395e-06,7.75237e-05,0.00827455499766213,2.72688970132753e-05,9.04248013747722e-05,0.00839843407781104,0.000123879080148916,1.2474454649809e-06,1.43515610533168e-05,5.07811820566244e-05,0.0106537507916087,2.37642730266418e-05,9.15467843325317e-05,0.0107761826399055,0.00011129604988896,3.94414702890212e-06,1.33180076224991e-05,6.43799019607843e-05,0.0355588382523153,2.02739291872684e-05,0.00073165600008536,0.0366063879746369,0.000928660245881966,1.40874040409354e-05,1.02784606028867e-05,0.000697401000820497,0.0325385425404631,1.82387207363747e-05,0.000792115332021819,0.0336443704519606,0.00101681452693079,7.67499589018576e-06,6.88465732189908e-06,0.000770940674317372,"DS"
"14","ElgUS1",46.54743772,4.554805e-05,1.062215e-05,5.835e-07,3.679005e-05,3.737355e-05,0,7.729e-07,3.02374e-05,0.00338285063055677,3.41725355789177e-07,1.43837524671119e-05,0.00338737885507708,1.46205616206053e-05,0,4.06767151734571e-06,5.92621715447353e-07,0.00410977306690263,2.97996850505046e-07,2.48441627550358e-05,0.00412301969918194,2.51081332166118e-05,0,1.42032810080248e-06,1.17647058823529e-05,0.0137341035468758,2.67941706522241e-07,8.39972324101949e-07,0.013734970600283,1.14446012965627e-06,0,8.00377182380714e-07,5.47832134890979e-09,0.0126724962824532,2.3446833501919e-07,1.99872757657835e-06,0.0126741896645557,2.26454411715612e-06,0,1.99735087817612e-06,5.45950864422202e-09,"S1"
"15","HeDS",30.39975462,0.0009348725,NA,0.000297383,0.0006376664,0.0009348725,3.65e-09,4.19004e-05,0.00059580425,0,5.48234538459811e-05,0.000606014825891625,0.000660838279737607,0.000660838279737607,8.33551458637491e-06,2.32690263538234e-05,0.000530375467258359,0,4.65798501707343e-05,0.00062696436253756,0.000673544212708294,0.000673544212708294,2.09749741102977e-05,2.1333034912245e-05,0.000534864475878683,0,0.000780720111797798,0.00851930448379788,0.00930002459559568,0.00930002459559568,6.88975371428885e-05,1.69041309766641e-05,0.00840894761580938,0,0.000777248015625542,0.00938248355756421,0.0101597315731898,0.0101597315731898,3.84126816355234e-05,1.15367695905099e-05,0.00931368026363999,"DS"
"16","HeUS1",37.25752766,2.37388e-05,NA,1.4e-09,2.373745e-05,2.37388e-05,5e-10,2.367415e-05,0,0,2.18430075761755e-06,2.79828234636312e-05,3.01671242212488e-05,3.01671242212488e-05,2.85452229424917e-06,1.47722977651727e-05,3.69504172281361e-08,0,1.89768566303158e-06,3.45537711723333e-05,3.64514568353649e-05,3.64514568353649e-05,7.07509881422925e-06,1.57598579388785e-05,3.65714285714286e-08,0,1.39998605346539e-06,5.71879566584943e-05,5.85879427119597e-05,5.85879427119597e-05,2.3073812822506e-05,1.25728052671996e-05,4.26666666666667e-08,0,1.21863562983096e-06,3.60028549915492e-05,3.72214906213802e-05,3.72214906213802e-05,1.29508928571429e-05,8.12834308678732e-06,4.26666666666667e-08,"S1"
"17","HocDS",27.79810682,0.0001991875,NA,0.00011412135,8.507405e-05,0.0001991875,1e-10,1.237175e-05,7.27008e-05,0,3.80438263631473e-05,0.000170597399760523,0.00020864122612367,0.00020864122612367,5.19820633744489e-06,2.69615215503199e-05,9.83582859996712e-05,0,3.36570110708635e-05,0.000170129442790967,0.000203786453861831,0.000203786453861831,8.6021554075113e-06,1.1855776345928e-05,0.000104151230680856,0,0.000355017150266552,0.00147407874284843,0.00182909589311498,0.00182909589311498,2.19493560532668e-05,8.48129772144152e-06,0.00142104784559121,0,0.00035299444545307,0.0016124496806312,0.00196544412608427,0.00196544412608427,1.34109277677316e-05,8.13184915985338e-06,0.00157354400716619,"DS"
"18","HocUS1",34.78184597,7.97159e-05,NA,3e-10,7.97156e-05,7.97159e-05,0,1.115595e-05,6.85598e-05,0,8.46963101455755e-06,3.75811613655945e-05,4.6050792380152e-05,4.6050792380152e-05,2.62515728603493e-06,2.30913319466162e-05,1.0420004714766e-05,0,7.27713123538872e-06,3.32148705687528e-05,4.04920018041415e-05,4.04920018041415e-05,4.11754289033391e-06,6.21899443973161e-06,2.12428192199957e-05,0,7.66232069846735e-06,0.000226399370263704,0.000234061690962172,0.000234061690962172,1.00995415328829e-05,3.18899188150924e-06,0.000210101022783015,0,6.95237341744486e-06,0.000244892508313036,0.000251844881730481,0.000251844881730481,6.28224206349206e-06,3.77380684975417e-06,0.000232753126066456,"S1"
"19","HorDS",36.18748516,0.000339791,NA,6.54307e-05,0.000274381,0.000339791,6.165e-08,6.253005e-05,0.0002118085,0,1.28188003483278e-05,0.000379269415668027,0.000392088216016355,0.000392088216016355,0.000125885507647079,7.27519912300692e-05,0.000180631916790879,0,9.82075997438688e-06,0.000383023079905155,0.000392843839879542,0.000392843839879542,0.00012306363580689,7.50925248022453e-05,0.00018486691929602,0,0.000569266612874752,0.00247641458906985,0.0030456812019446,0.0030456812019446,0.000137906145607116,0.000125092295339417,0.00221341614812332,0,0.000568499975196405,0.00275636827130346,0.00332486824649986,0.00332486824649986,0.000128132498141741,0.000177940544443112,0.0024502952287186,"DS"
"20","HorUS1",35.07463518,5.81967e-05,NA,6.335e-08,5.813335e-05,5.81967e-05,0,1.30095e-06,5.68115e-05,0,3.70068086755684e-07,1.43386073673139e-05,1.47086754540696e-05,1.47086754540696e-05,8.6364532656079e-07,5.94798877252914e-06,5.1001723707677e-07,0,3.15308670373776e-07,2.24786087859747e-05,2.27939174563485e-05,2.27939174563485e-05,8.44413128397062e-07,3.87034885530535e-06,9.81992156862745e-06,0,2.12017927993142e-07,1.7949497800207e-05,1.81615157282001e-05,1.81615157282001e-05,9.18635665655059e-07,2.38853330665148e-06,2.32319344574248e-08,0,1.86987488955544e-07,1.25492790358533e-05,1.27362665248088e-05,1.27362665248088e-05,8.36528461702314e-07,1.5704866978998e-06,2.32162572035183e-08,"S1"
"21","KeDS",19.77033214,0.0014834445,NA,0.0002936685,0.001190125,0.0014834445,9.7775e-07,1.052735e-05,0.001175798,0,6.00990575184884e-05,0.000763701223232435,0.000823800280750923,0.000823800280750923,8.97550574814267e-05,7.62052201074463e-05,0.000535326033354814,0,5.1703134751747e-05,0.000929118300491337,0.000980821435243085,0.000980821435243085,0.000152314349218024,6.17474597642784e-05,0.000644967100261629,0,0.00061663096045623,0.00887296147038194,0.00948959243083817,0.00948959243083817,3.3443991194462e-05,8.25743956131109e-05,0.00872374593963185,0,0.00061280717659943,0.00979688475145019,0.0104096919280496,0.0104096919280496,2.8216103434983e-05,8.07603919719506e-05,0.00966233979934273,"DS"
"22","KeUS1",23.5023227,0.000542127,NA,1e-10,0.0005421269,0.000542127,3.519e-07,2.57635e-06,0.00053840965,0,1.82845771068271e-06,0.000138831188989573,0.000140659646700256,0.000140659646700256,5.38217585994885e-05,6.47488628167603e-05,2.0260567573324e-05,0,1.4420710789986e-06,0.00028430902092729,0.000285751092006289,0.000285751092006289,9.01135172806784e-05,6.08730601691154e-05,0.000133322443477496,0,1.55623091562534e-06,0.00010703538562334,0.000108591616538965,0.000108591616538965,1.79330389030524e-05,8.88338567391362e-05,2.68489981151547e-07,0,1.11736752921372e-06,0.000102805806175112,0.000103923173704326,0.000103923173704326,1.41011901161426e-05,8.84928585240512e-05,2.11757534918664e-07,"S1"
"23","KnDS",19.11649429,0.0003549505,1.01809e-05,0.0002105125,0.0001332425,0.0002671035,2.5e-10,2.704635e-05,8.68979e-05,0.00805076905373617,3.50812863122228e-05,4.97089348323063e-05,0.00812335487833844,7.42719272518551e-05,5.0999248147532e-06,2.01524270690968e-05,2.2044935690082e-05,0.0103772763695017,3.03826519500891e-05,5.69052058379713e-05,0.0104425892480725,7.19428277961086e-05,8.77071034993512e-06,1.2335637187343e-05,3.42647058823529e-05,0.034101593880531,2.4952743343652e-05,0.00054033446751374,0.0375312914299928,0.000563753011520355,3.1370981838512e-05,8.14962128783596e-06,0.000472294021085891,0.0312771599951772,2.24332518154469e-05,0.000577312803066985,0.0354332728117496,0.000598276246263453,2.06347786935287e-05,7.94666184137638e-06,0.000523261273462133,"DS"
"24","KnUS1",31.61442349,0.000113416,2.74725e-06,0,4.750965e-05,4.760325e-05,0,3.30235e-06,4.459215e-05,0.00442687928911353,3.39286950875755e-07,1.99497048932262e-05,0.00448051262458446,2.01586906581926e-05,1.12544962436289e-06,8.3484860512314e-06,5.43236572493407e-07,0.00579425094985074,3.10903214639749e-07,2.20388523319138e-05,0.00581327061345849,2.22273380477084e-05,2.62649485606504e-06,3.27363158461819e-06,1.07843137254902e-05,0.0175463851788084,1.8487093648803e-07,1.58339686720395e-05,0.0176074050441327,1.67899666442634e-05,8.67536531263628e-06,2.25968807953343e-06,5.02179456983397e-09,0.0165919502049674,1.64678456606991e-07,1.04149258447391e-05,0.0168907517598461,1.13189110344262e-05,4.79860882788098e-06,2.74702824180587e-06,5.00454959053685e-09,"S1"
"25","MaDS",26.02196869,0.000368241,9.60745e-06,0.000156035,0.0001978875,0.00031526,5.1e-09,9.30175e-06,0.000194918,0.00941240622027862,2.64558060362659e-05,0.000389817510224346,0.0099416634849937,0.000416101910137261,2.07898670442399e-05,9.53951538049539e-06,0.000332851645206141,0.0122948966184513,2.33399013079157e-05,0.000359891812079144,0.012736515910396,0.000382027590790347,2.61676901954503e-05,5.97855042645767e-06,0.0003015930622941,0.0395575568527739,2.05933886497171e-05,0.00133454356653102,0.0413088469035327,0.00166368541609729,8.66822471620537e-05,4.52304195403315e-06,0.00121663241713467,0.0368005593960872,1.85482986910001e-05,0.00149428500583803,0.0387414293033287,0.00182169453535238,7.35329753136993e-05,4.72760690302216e-06,0.0013923851144003,"DS"
"26","MaUS1",24.5370203,4.0984e-06,3.33145e-06,0,9.266e-07,9.266e-07,1.1e-09,8.429e-07,0,0.00624901010428581,2.07204133820085e-07,2.23574578225216e-05,0.00631821548260935,2.25048121212912e-05,1.31702905288156e-05,4.46146373266464e-06,2.59807621135332e-08,0.00825914907615577,1.8233144839947e-07,3.74618415206844e-05,0.00831786771185815,3.76238394624655e-05,1.35696270412075e-05,2.26700444654743e-06,2.57142857142857e-08,0.025947004550817,1.28647334664726e-07,4.68359689895433e-05,0.0260549813197492,4.69314953485642e-05,3.76062068533718e-05,1.21327060142121e-06,1.27827498141228e-08,0.0245154472025996,1.13707492872258e-07,4.22183051244885e-05,0.0246152294271756,4.2304793619216e-05,3.47950036777568e-05,1.46277322199481e-06,1.27388535031847e-08,"S1"
"27","MeDS",20.02967274,0.0050156695,NA,5.39715e-05,0.004962014,0.0050156695,4.895e-08,8.091035e-05,0.004881621,0,1.50501938022627e-05,0.0033584016312638,0.00337345182506607,0.00337345182506607,1.75376210999465e-05,0.000130379547210499,0.00319018335873528,0,1.3187751208961e-05,0.00353635480394646,0.00354954255515542,0.00354954255515542,1.88550166552151e-05,6.73313353297416e-05,0.00342671808763481,0,9.71635542157049e-06,0.0683563719491115,0.0683660883045331,0.0683660883045331,4.30636820874085e-05,5.32042204101345e-05,0.0682497051971932,0,8.64357690889642e-06,0.0757138777781617,0.0757225213550705,0.0757225213550705,4.18386460843423e-05,5.32405423247801e-05,0.075610630091584,"DS"
"28","MeUS1",18.16983629,0.010706682,NA,3.645e-08,0.010706646,0.010706682,5.94e-08,0.0096598782,0.001059836,0,2.74301866624404e-07,0.000554019100301354,0.000554293402167978,0.000554293402167978,1.66070050840594e-05,0.000101567358186127,0.000433326888102344,0,2.15864461210827e-07,0.000615086226815299,0.00061530209127651,0.00061530209127651,1.73029610753343e-05,6.0585930102906e-05,0.000534346868347339,0,2.22695264079537e-07,0.00956434468030811,0.00956456737557219,0.00956456737557219,5.5170937305977e-05,5.80792837974988e-05,0.00944584878326052,0,1.95716241653398e-07,0.0105807830012506,0.0105809787174922,0.0105809787174922,5.41729158142608e-05,5.77850608403178e-05,0.0104651940722151,"S1"
"29","MuDS",32.55664739,0.001891558,4.97754e-05,0.000382242,0.0009910765,0.001787044,1.03e-08,4.89877e-05,0.000921828,0.0100210849722383,5.04045940316189e-05,0.000962579735075746,0.0116150714966707,0.000999297508337031,3.03801472408548e-05,2.37080774748731e-05,0.000649222641099398,0.0125602609939895,4.5279216528323e-05,0.00100574211770531,0.0139268519157814,0.00106168337145824,3.67820492034031e-05,1.63427012372071e-05,0.000661762404569442,0.0444950354394555,3.56574199181084e-05,0.0113664231371886,0.0560337828327058,0.0114289397933701,0.000106415166644571,1.25331635186787e-05,0.0108800577657383,0.0396188506405974,3.24657826527109e-05,0.0123956342110984,0.0528736771699495,0.0124517045575798,8.78803261833461e-05,9.44619298536218e-06,0.0120503267838637,"DS"
"30","MuUS1",35.07492419,0.0001509475,3.61895e-06,0,0.000134717,0.000134717,0,3.6355e-07,0.000134516,0.00178402357060351,5.30333743041386e-08,8.46258371684375e-06,0.00221623996133049,8.56373495725988e-06,1.5969669204121e-07,3.58942896375559e-06,2.72905471012706e-06,0.00237515447616544,4.41810803435962e-08,2.57164658569093e-05,0.003058138312841,2.57551523581914e-05,4.14102499958306e-07,1.05436656602711e-06,2.35294117647059e-05,0.00730691075052795,3.08934741379168e-08,2.74020543039476e-06,0.00828059822495069,2.77013736607113e-06,5.05881599224076e-07,5.66547461919654e-07,2.2429110756118e-08,0.00692276052970018,2.56368631368631e-08,2.21254060888822e-06,0.00892224802463512,2.23721593356355e-06,4.05152793760389e-07,1.27819680148522e-06,2.2407162600649e-08,"S1"
"31","NiDS",37.75280045,0.000196462,NA,5.264995e-05,0.0001438195,0.000196462,5e-11,2.806e-07,0.0001435385,0,1.40628135471749e-05,0.000101000736856577,0.000115063550403752,0.000115063550403752,1.36975995948159e-05,1.45650453674537e-06,8.20261724443517e-05,0,1.11724813456139e-05,0.00011502449541601,0.000126196976761624,0.000126196976761624,1.56063973853145e-05,1.72564252336449e-06,9.40187336821521e-05,0,0.000570286330300992,0.00124044761447123,0.00181073394477223,0.00181073394477223,2.30348816905084e-05,1.32940452201926e-06,0.00121034604788312,0,0.000569644406336584,0.00136063564125886,0.00193028004759544,0.00193028004759544,1.57737473816506e-05,6.88000800008477e-07,0.00134025767564683,"DS"
"32","NiUS1",39.41474525,8.78537e-05,NA,0,8.78537e-05,8.78537e-05,0,1.535e-08,8.7838e-05,0,3.00500263740239e-07,3.04658164340496e-06,3.3470819071452e-06,3.3470819071452e-06,0,4.21213471549869e-07,8.09214846146395e-07,0,2.59034255188224e-07,1.82518455167606e-05,1.85108797719488e-05,1.85108797719488e-05,0,4.90639097744361e-07,1.57051316526611e-05,0,2.50689853403198e-07,4.18325684530507e-06,4.43394669870827e-06,4.43394669870827e-06,0,3.70186162066375e-07,2.93044284652131e-08,0,2.26066780819315e-07,2.84242928319687e-06,3.06849606401619e-06,3.06849606401619e-06,0,1.94102319290289e-07,2.92793448589627e-08,"S1"
"33","ReDS",15.99300392,0.000508782,3.96575e-05,0.0003452465,0.0001630165,0.000455474,4.5e-10,1.38753e-05,0.0001181065,0.00714765072870577,4.39616740883836e-05,9.16403754181217e-05,0.00755689827041606,0.000129803629111507,5.69990345211359e-06,1.35371132231128e-05,6.71356135091615e-05,0.00883386449512965,3.90732138320662e-05,9.76368480188846e-05,0.00924151290511469,0.000130025455033613,9.91387328906003e-06,8.8894650443365e-06,7.7843137254902e-05,0.0298841267492042,3.11226140487896e-05,0.00150792095254185,0.0392006727439993,0.00153134208835963,3.63808912259463e-05,6.50604799514372e-06,0.00146934578525948,0.027117051181577,2.79816173935901e-05,0.00166728126236627,0.0361379042870715,0.00168818875598067,2.10262961721822e-05,5.37766876657404e-06,0.00162791061641662,"DS"
"34","ReUS1",18.69920778,4.369665e-05,3.2002e-06,0,1.315865e-05,1.315865e-05,0,1.98985e-06,0,0.00363082837270454,3.83716387294704e-07,7.89721878483819e-06,0.00363598384069163,8.5933002966574e-06,4.9577003752574e-07,5.1098039935746e-06,0,0.00447475857482133,3.48890035072111e-07,4.5654684539935e-06,0.00447753921159866,6.08135222012569e-06,1.12768559980654e-06,2.4189909317359e-06,0,0.0144437610575273,2.22733256586836e-07,6.34937101272532e-06,0.014448182004577,6.94181330233404e-06,3.76104291890193e-06,2.1006508922259e-06,0,0.0134928864239209,1.99598293578553e-07,5.14697557362291e-06,0.0134963736447978,5.68961752816417e-06,2.06719925643976e-06,2.33068674619939e-06,0,"S1"
"35","RomDS",30.73757409,0.0001341985,NA,6.952935e-05,6.467225e-05,0.0001341985,1.245e-08,9.592e-07,6.36998e-05,0,2.14735870824609e-05,0.000145878427490365,0.000167352014572826,0.000167352014572826,5.83184920862349e-05,5.18745718222253e-06,6.0252582131666e-05,0,1.79068234812622e-05,0.000154881468697177,0.000172788292178439,0.000172788292178439,5.95620989075237e-05,4.50705601644481e-06,6.52950975800156e-05,0,0.000435574051883875,0.00140047837410983,0.0018360524259937,0.0018360524259937,7.09407285294872e-05,3.89047010220431e-06,0.00131199066910486,0,0.000433982499157636,0.00153100758666496,0.0019649900858226,0.0019649900858226,6.30505115196571e-05,3.95109229825491e-06,0.00145356642240749,"DS"
"36","RomUS1",34.61677595,2.008205e-05,NA,5.32e-08,2.00289e-05,2.008205e-05,9.5e-10,4.9955e-07,1.95284e-05,0,2.74626574734723e-06,3.16644583766648e-05,3.4410724124012e-05,3.4410724124012e-05,6.46734142462948e-06,2.85317646491912e-06,2.14771400362098e-05,0,2.39890555608432e-06,3.23563111080372e-05,3.47552166641215e-05,3.47552166641215e-05,6.85048238758821e-06,1.99994888066258e-06,2.25245714285714e-05,0,2.41406029369344e-06,0.000484496697747333,0.000486910758041026,0.000486910758041026,8.85387581160384e-06,1.51972406474128e-06,0.000472317209431209,0,2.05561682416258e-06,0.000533579173042271,0.000535634789866433,0.000535634789866433,7.39662028665193e-06,1.64807213546353e-06,0.000523284480620155,"S1"
"37","RotDS",47.47604207,1.29166e-05,NA,1.247055e-05,4.461e-07,1.29166e-05,0,4.4545e-07,0,0,4.40090639517972e-06,5.19091770805716e-06,9.59182410323688e-06,9.59182410323688e-06,1.9306686844974e-06,9.62051546069059e-07,6.92820323027552e-08,0,3.64105791740102e-06,5.3374709687345e-06,8.97852888613552e-06,8.97852888613552e-06,1.85132575757576e-06,8.94209296606001e-07,6.85714285714286e-08,0,0.000119323832999159,6.95302398827462e-06,0.000126276856987434,0.000126276856987434,1.50936835085289e-06,7.19942506563369e-07,8.00000000000001e-08,0,0.000119081187171196,5.25475548765626e-06,0.000124335942658852,0.000124335942658852,1.44580696202532e-06,5.1466281134523e-07,8e-08,"DS"
"38","RotUS1",49.59962202,3.478e-07,NA,7.195e-08,2.7585e-07,3.478e-07,0,2.7585e-07,0,0,3.43025420830715e-07,1.47107527678306e-06,1.81410069761378e-06,1.81410069761378e-06,0,7.46863013169945e-07,2.25166604983954e-08,0,3.20101048966303e-07,1.50455496802755e-06,1.82465601699385e-06,1.82465601699385e-06,0,6.87876730377345e-07,2.22857142857143e-08,0,2.53537652136762e-07,2.03860611474279e-06,2.29214376687955e-06,2.29214376687955e-06,0,5.5069642539849e-07,2.6e-08,0,2.38798832652777e-07,1.43501051722542e-06,1.67380934987819e-06,1.67380934987819e-06,0,3.97105755320656e-07,2.6e-08,"S1"
"39","SeDS",28.36566105,0.000104357,NA,1.50107e-05,8.93484e-05,0.000104357,2.025e-08,3.8928e-06,8.543385e-05,0,7.98349846344144e-06,0.000161071174541157,0.000169054673004598,0.000169054673004598,1.3760926513502e-05,5.41467366073299e-05,8.75871412155643e-05,0,7.62569297333067e-06,0.000221276774877813,0.000228902467851144,0.000228902467851144,1.32781277854195e-05,4.99671125180617e-05,0.000152618670363227,0,4.95658883533234e-06,0.000553354345808824,0.000558310934644156,0.000558310934644156,1.42244061683656e-05,4.81265193284744e-05,0.000482456380224023,0,4.72186722967811e-06,0.000586886905907262,0.00059160877313694,0.00059160877313694,1.30255622600559e-05,4.70865539516756e-05,0.000520934717817723,"DS"
"40","SeUS1",31.03962115,6.992785e-05,NA,0,6.99278e-05,6.992785e-05,5e-09,4.54285e-06,6.53795e-05,0,8.27427108001661e-07,9.45433050750117e-05,9.53707321830134e-05,9.53707321830134e-05,1.0340063785405e-05,6.28572150554361e-05,1.72046549129626e-05,0,7.35068487660627e-07,9.90256144432984e-05,9.9760682930959e-05,9.9760682930959e-05,1.0516089936811e-05,5.82997247735101e-05,2.63978151260504e-05,0,6.62528568154133e-07,0.000468396213680179,0.000469058742248333,0.000469058742248333,3.94294333056151e-05,5.59022931858142e-05,0.000367426308668989,0,6.06554821171363e-07,0.000503564595017839,0.00050417114983901,0.00050417114983901,3.87285870921156e-05,5.39398860893258e-05,0.000407067505484196,"S1"
"41","UnDS",20.26063269,0.0011789645,7.637975e-05,0.0002886465,0.000655206,0.0010946985,7.6e-09,8.289825e-05,0.0003856555,0.0128879147666439,5.18731949951657e-05,0.000358137960264932,0.0133698767542333,0.000421704171046417,1.83903923946665e-05,2.2940361378736e-05,0.00031680720649153,0.0156713075249775,4.25035090358949e-05,0.000402432224532075,0.0161917861284966,0.000441898094228012,3.29708029652412e-05,2.20890858193231e-05,0.000352469705207431,0.0560896989738706,3.84517024464948e-05,0.00318161464183177,0.0588822879273345,0.00322006634427826,9.11871620815987e-05,1.77672363443379e-05,0.00295866917588951,0.0489674891487823,3.43986228597034e-05,0.0034174833449074,0.0519193143913836,0.0034518819677671,5.39214723040672e-05,1.24002354953231e-05,0.0032735183618032,"DS"
"42","UnUS1",25.38579045,0.000172841,2.415475e-05,0,0.000165818,0.000165871,4.5e-10,6.6168e-06,0.0001561945,0.00674424740159985,6.92086666554463e-07,2.29215564776055e-05,0.00678004326007926,2.3751732782364e-05,5.91935976873971e-06,9.59442526577384e-06,1.94159298476006e-06,0.00826584366907611,6.47746220376433e-07,4.29796378916298e-05,0.00844644942241395,4.34111220235878e-05,1.13393502595684e-05,7.94480277401969e-06,2.76909803921569e-05,0.026752522241835,5.75210964241771e-07,3.89722557535458e-05,0.026792476523928,3.96957070509097e-05,3.20541717551342e-05,6.08574409412652e-06,7.62399721056612e-08,0.0244359847578933,5.47942662256499e-07,2.34185919819684e-05,0.0244690138627923,2.41153452287217e-05,1.90582515410047e-05,4.29209658291095e-06,7.59781619654231e-08,"S1"
"43","VaDS",26.88089288,0.0014898255,0.0001924237,0.0005197775,0.0008900755,0.0013246115,1.5e-10,0.00012639595,0.0007078835,0.0120658551716426,8.69016381111927e-05,0.000678112605270636,0.012866861308761,0.000785835302238029,4.65591748007062e-06,2.945655501726e-05,0.000548606199501927,0.013315738269374,7.15708258453451e-05,0.000706246972488336,0.0141282442543712,0.000812505984997241,9.2602521950521e-06,2.64428270400861e-05,0.000581958683379644,0.0530203366504258,8.99443727711141e-05,0.00310979904934734,0.0576662596109891,0.00404206546421226,2.55175500442893e-05,2.06848907962196e-05,0.00307672268911493,0.0457251644763283,8.10162166842237e-05,0.00342121129293146,0.049923300553962,0.00431681602882009,1.49553076424279e-05,1.53293180876274e-05,0.00340140606818047,"DS"
"44","VaUS1",22.23544423,0.000576349,1.486175e-05,7.352e-07,0.0005625655,0.0005629505,0,2.2484e-06,0.000560319,0.00547984130162546,2.6779382875173e-06,1.17259150701425e-05,0.00549187048469371,1.41508337192887e-05,8.3731263589946e-08,5.64637610378281e-06,6.8645348705985e-06,0.00651336913277586,2.38063445467152e-06,0.00012144319350403,0.00665325382466288,0.000123712976217109,8.43259439390321e-08,3.65060835861224e-06,0.000117647058823529,0.0237318009056381,1.76951533356559e-06,2.89422677194498e-06,0.0237343576431748,4.86434318294528e-06,8.29761923498103e-08,2.4105083385611e-06,6.34572222915384e-08,0.0209307965597621,1.58265297590141e-06,2.00560598935958e-06,0.0209325513767413,3.97765511182065e-06,8.25523590333717e-08,1.86709366672294e-06,6.32393084622384e-08,"S1"
"45","ViDS",33.88810683,0.00019545,3.82065e-05,0.000137871,2.021785e-05,0.0001688935,0,6.8935e-07,1.95284e-05,0.00710725195231305,2.3945665057455e-05,4.67438090966771e-05,0.00724083778378048,7.06894741541321e-05,6.83851662830029e-07,4.0832669945736e-06,2.14523139746346e-05,0.00904878302825412,2.15839608067e-05,4.93738764417474e-05,0.00917401426590736,7.04824456878955e-05,1.99864130434783e-06,3.07339017450016e-06,2.25e-05,0.0304350583422489,1.95921671633852e-05,0.00049504542475299,0.031174246074584,0.000726195602024783,6.93022467615954e-06,2.51762391094424e-06,0.000472288542764543,0.0275670838357045,1.77696395029597e-05,0.000539443262292463,0.0283463461001662,0.000769195393405233,3.78390596745027e-06,2.77190234909508e-06,0.000523255813953488,"DS"
"46","ViUS1",32.89671535,6.36915e-06,6.01555e-06,7.195e-08,1.0195e-07,2.3465e-07,0,1.0195e-07,0,0.00297566085328413,4.53178632594945e-07,1.8277054780747e-06,0.00297746787894666,2.22636957514766e-06,0,1.8277054780747e-06,0,0.00340876966457294,4.12448276390515e-07,1.02424984748228e-06,0.00340971123281577,1.32817428350361e-06,0,1.02424984748228e-06,0,0.0124371166560558,2.89230122371182e-07,8.6259329261192e-07,0.0124378916389581,1.08362276060669e-06,0,8.6259329261192e-07,0,0.0111051471865237,2.62152588958511e-07,1.6801505744987e-06,0.0111067624491955,1.89031992041988e-06,0,1.57035927822835e-06,0,"S1"
"47","ZuDS",34.48562987,0.0002327895,4.207515e-05,0.000171927,4.15039e-05,0.000203904,0,1.1177e-06,4.074345e-05,0.0117866348046261,2.00034958736881e-05,5.33842659234504e-05,0.0118397514378562,7.47491443104429e-05,5.82730376378114e-07,3.37382103532038e-06,4.10561903195456e-05,0.0150340304161696,1.65434372764529e-05,5.50725224871764e-05,0.0150763466389865,7.2021816649011e-05,1.95652173913043e-06,2.57511269301262e-06,4.1542380952381e-05,0.0509374834078805,1.55085546826535e-05,0.000723767554214273,0.0513987699510331,0.000987215158493072,7.12384134903418e-06,2.07374292185602e-06,0.000700791429829112,0.0461849042315796,1.38000522633375e-05,0.000884412007795633,0.0467826791952491,0.00114616381758154,3.85714285714286e-06,1.48014208110429e-06,0.000870697705558945,"DS"
"48","ZuUS1",38.23399265,1.965555e-05,9.35585e-06,5.515e-07,1.04975e-06,3.1358e-06,0,1.623e-07,0,0.00659851949313186,7.39082822012258e-07,4.23639841025974e-06,0.00661212119128708,5.32556222207191e-06,1.72660852260182e-07,1.64469287737833e-06,0,0.00828933763426431,6.90469544891659e-07,4.76368040545041e-06,0.00830335611097455,5.73340067796939e-06,5.79710144927536e-07,1.02712617634471e-06,0,0.0275477679112207,3.19629102731866e-07,7.18038774345768e-06,0.027566988096872,7.7803156205385e-06,2.11076780712124e-06,8.539602713451e-07,0,0.0252249138935777,2.72875914211178e-07,4.51954956951683e-06,0.0252367702621768,5.05277059545637e-06,1.14285714285714e-06,6.00539490195669e-07,0,"S1"
