Table Input data for the SEM for macroinvertebrate indices;;;;;;;;;;;;;;;;;;;;;;;;;;;;;;;;;;;;;;;;;;;;;;;;;;;;;;;;;;;;;;;;;;;;;;;;;;;;;;;;;;;;;;;;;;;;;;;;;;;;;;;;;;;;;;;;;;;;;;;;;;;;;;;;;
"Christian Stamm, 4.12.2017; modified 7.12.2017 (addition of columns on colmation and macrophytes); modified 23.7.2018: data corrected: sequence of locations were erroneously assigned for the AUA lab data 2013 sites; data corrected for the Water Quality PCA (PC1, PC2); 21.8.2018: land use data and catchment size are corrected to represent the hydrologic instead of the WWTP catchment; 25.9.18: TSS renamed as SS; 5.11.2018: new SPEAR values based on SPEAR calculator 2018.05 (in Indicate 1.0.0); predator ratio added";;;;;;;;;;;;;;;;;;;;;;;;;;;;;;;;;;;;;;;;;;;;;;;;;;;;;;;;;;;;;;;;;;;;;;;;;;;;;;;;;;;;;;;;;;;;;;;;;;;;;;;;;;;;;;;;;;;;;;;;;;;;;;;;;
Data sources:;;;;;;;;;;;;;;;;;;;;;;;;;;;;;;;;;;;;;;;;;;;;;;;;;;;;;;;;;;;;;;;;;;;;;;;;;;;;;;;;;;;;;;;;;;;;;;;;;;;;;;;;;;;;;;;;;;;;;;;;;;;;;;;;;
"[1]: DATA_Landuse_rSTAT_160826; Catchment area: [ha]; p_Crop: % arable land; p_Orch: % orchard; p_Past: % pasture; p_Forested: % Forest; p_Urban: % urban";;;;;;;;;;;;;;;;;;;;;;;;;;;;;;;;;;;;;;;;;;;;;;;;;;;;;;;;;;;;;;;;;;;;;;;;;;;;;;;;;;;;;;;;;;;;;;;;;;;;;;;;;;;;;;;;;;;;;;;;;;;;;;;;;
"[2]: DATA_dilution_factors_allsites_20171116; WW Input: yes = 1, no = 0; %WW_Qmean: fraction of WW at average flow; %WW_Q347: fraction of WW during low flow (Q347); Comments: special observations";;;;;;;;;;;;;;;;;;;;;;;;;;;;;;;;;;;;;;;;;;;;;;;;;;;;;;;;;;;;;;;;;;;;;;;;;;;;;;;;;;;;;;;;;;;;;;;;;;;;;;;;;;;;;;;;;;;;;;;;;;;;;;;;;
"[3]: Tab_PC1-2_Habitat_Indices_vimpact_short; Impact_PC1 = PC1 inthe source file; Impact_PC2 = PC2 inthe source file";;;;;;;;;;;;;;;;;;;;;;;;;;;;;;;;;;;;;;;;;;;;;;;;;;;;;;;;;;;;;;;;;;;;;;;;;;;;;;;;;;;;;;;;;;;;;;;;;;;;;;;;;;;;;;;;;;;;;;;;;;;;;;;;;
"[4]: Tab_PC1-2_Habitat_noimpact; Habiat_PC1 = PC1 inthe source file; Habitat_PC2 = PC2 inthe source file";;;;;;;;;;;;;;;;;;;;;;;;;;;;;;;;;;;;;;;;;;;;;;;;;;;;;;;;;;;;;;;;;;;;;;;;;;;;;;;;;;;;;;;;;;;;;;;;;;;;;;;;;;;;;;;;;;;;;;;;;;;;;;;;;
"[5]:  DATA_habitat_rSTAT_160824; SS = total suspendible sediment; log_SS";;;;;;;;;;;;;;;;;;;;;;;;;;;;;;;;;;;;;;;;;;;;;;;;;;;;;;;;;;;;;;;;;;;;;;;;;;;;;;;;;;;;;;;;;;;;;;;;;;;;;;;;;;;;;;;;;;;;;;;;;;;;;;;;;
"[6]: spear_sumTU_finalInput; sumTU_HM = median across all samples at a location of the sum of TUs of heavy metals; sumTU_Oth = median across all samples at a location of the sum of TUs of organic compounds not being pesticides/biocides; sumTU_PB = median across all samples at a location of the sum of TUs of organic pesticides/biocides; log values ogf the respective data";;;;;;;;;;;;;;;;;;;;;;;;;;;;;;;;;;;;;;;;;;;;;;;;;;;;;;;;;;;;;;;;;;;;;;;;;;;;;;;;;;;;;;;;;;;;;;;;;;;;;;;;;;;;;;;;;;;;;;;;;;;;;;;;;
"[7]: DATA_general_water_chemistry_rSTAT_160824; DIN = sum of NH4 and NO2 (given in microg N/L) and NO3 (given in mg N/L); SRP: microg P/L";;;;;;;;;;;;;;;;;;;;;;;;;;;;;;;;;;;;;;;;;;;;;;;;;;;;;;;;;;;;;;;;;;;;;;;;;;;;;;;;;;;;;;;;;;;;;;;;;;;;;;;;;;;;;;;;;;;;;;;;;;;;;;;;;
[8]: Tab_PC1-2_WaterChem_new_finalised;;;;;;;;;;;;;;;;;;;;;;;;;;;;;;;;;;;;;;;;;;;;;;;;;;;;;;;;;;;;;;;;;;;;;;;;;;;;;;;;;;;;;;;;;;;;;;;;;;;;;;;;;;;;;;;;;;;;;;;;;;;;;;;;;
[9]: DATA_three_indices_181105;;;;;;;;;;;;;;;;;;;;;;;;;;;;;;;;;;;;;;;;;;;;;;;;;;;;;;;;;;;;;;;;;;;;;;;;;;;;;;;;;;;;;;;;;;;;;;;;;;;;;;;;;;;;;;;;;;;;;;;;;;;;;;;;;
"[10]: Colmation: numeric level of colmation from Tab_EcoImpact_Habitat2013-2014_final_selectionPCA_v6; Macrophytes: numeric level of colmation from Tab_EcoImpact_Habitat2013-2014_final_selectionPCA_v6; ColORMacro: index value = 0 if Colmation and/or macrophytes < 0.5 (colmation)/ 0.7 (macrophytes), else = 1, these values are specific to the location; ColORMacroSite: index value = 1 if all locations at the site = 1, else = 0; ";;;;;;;;;;;;;;;;;;;;;;;;;;;;;;;;;;;;;;;;;;;;;;;;;;;;;;;;;;;;;;;;;;;;;;;;;;;;;;;;;;;;;;;;;;;;;;;;;;;;;;;;;;;;;;;;;;;;;;;;;;;;;;;;;
[11]: EPT diversity indices: EPT_diversity_171218;;;;;;;;;;;;;;;;;;;;;;;;;;;;;;;;;;;;;;;;;;;;;;;;;;;;;;;;;;;;;;;;;;;;;;;;;;;;;;;;;;;;;;;;;;;;;;;;;;;;;;;;;;;;;;;;;;;;;;;;;;;;;;;;;
[12]: IBCH diversity indices: IBCH_diversity_171218;;;;;;;;;;;;;;;;;;;;;;;;;;;;;;;;;;;;;;;;;;;;;;;;;;;;;;;;;;;;;;;;;;;;;;;;;;;;;;;;;;;;;;;;;;;;;;;;;;;;;;;;;;;;;;;;;;;;;;;;;;;;;;;;;
"[13]: SI Munz et al., 2017 (Tab. S1.1); orchard: Landuse_AS09_27_EZGScale (class 11)";;;;;;;;;;;;;;;;;;;;;;;;;;;;;;;;;;;;;;;;;;;;;;;;;;;;;;;;;;;;;;;;;;;;;;;;;;;;;;;;;;;;;;;;;;;;;;;;;;;;;;;;;;;;;;;;;;;;;;;;;;;;;;;;;
"[14]: spear_maxTU_finalInput; maxTU_HM = max across all samples at a location of the sum of TUs of heavy metals; sumTU_Oth = max across all samples at a location of the sum of TUs of organic compounds not being pesticides/biocides; sumTU_PB = max across all samples at a location of the sum of TUs of organic pesticides/biocides; log values of the respective data; data source: ";;;;;;;;;;;;;;;;;;;;;;;;;;;;;;;;;;;;;;;;;;;;;;;;;;;;;;;;;;;;;;;;;;;;;;;;;;;;;;;;;;;;;;;;;;;;;;;;;;;;;;;;;;;;;;;;;;;;;;;;;;;;;;;;;
"[15]: Predator ratio (see Eq. 1 in Liess, Gerner et al., 2017), calculated from abundance and identification of predator taxa data in DATA_FFG_pred_SPEAR_181115; calculations executed in DATA_FFG_pred_SPEAR_181115_workCS";;;;;;;;;;;;;;;;;;;;;;;;;;;;;;;;;;;;;;;;;;;;;;;;;;;;;;;;;;;;;;;;;;;;;;;;;;;;;;;;;;;;;;;;;;;;;;;;;;;;;;;;;;;;;;;;;;;;;;;;;;;;;;;;;
;;;;"Land use; source: [13]";;;;;;;WW Input: source [2];;;;Habitat: source [3];;Habitat: source [4];;Habitat: source [5];;Habitat: source [10];;;;Water Quality: median for each location,source [6];;;;;;;Water Quality: maximum TU sums for each location source [14];;;;;;;"Water Quality: source [7]; corrected";;;;;;;;;Water Chemistry: source [8];;Macroinvertebrate indices: source [9];;;;;;Diversity indices EPT: source [11];;;;Diversity indices IBCH: source [12];;;;Predator ratio: source [15];Delta Saprobic;;;;;Delta Saprobic no Oligo;;;;Delta SPEAR;;;;;Delta SPEAR no Oligo;;;;Delta Sediment;;;;Delta Sediment no Oligo;;;;Delta Taxa EPT;;;;Delta Trar EPT;;;;Delta_Shannon_EPT;;;;Delta_Evenness_EPT;;;;Delta Taxa IBCH;;;;Delta Trar IBCH;;;;Delta_Shannon_IBCH;;;;Delta_Evenness_IBCH;;;;"Land use (WWTP catchment!); source: [1]";;;;;;
Index;Year;Site;Location;Catchment area;p_Crop;p_Orch;p_Past;p_Forest;p_Urban;p_agro_int;WW Input;WW_Qmean;WW_Q347;Comments;Impact_PC1;Impact_PC2;Habitat_PC1;Habitat_PC2;SS;log_SS;Colmation;Macrophytes;ColORMacro;ColORMacroSite;sumTU_HM;sumTU_Oth;sumTU_PB;log_TU_HM;log_TU_Oth;log_TU_PB;log_TU_PB_U1;maxTU_HM;maxTU_Oth;maxTU_PB;log_maxTU_HM;log_maxTU_Oth;log_maxTU_PB;log_maxTU_PB_U1;SRP_1;log_SRP;NH4;NO2;log_NO2;NH4andNO2;NO3;NO3_U1;DIN;WaterChem_PC1;WaterChem_PC2;SPEAR;Saprobic;Sediment;SPEAR_mOLIGO;Saprobic_mOLIGO;Sed_mOLIGO;Taxa_EPT;Trar_EPT;Shannon_EPT;Evenness_EPT;Taxa_IBCH;Trar_IBCH;Shannon_IBCH;Evenness_IBCH;Pred_ratio;Delta_Sap_D_Upmean;Delta_Sap_D-U1;Delta_Sap_U1-U2;Mean_Sap_up;Sap_U1;Delta_SapnoOli_D_Upmean;Delta_SapnoOli_D_U1;Delta_SapnoOli_U1_U2;Mean_SapnoOli_up;Delta SPEAR D-Umean;Delta SPEAR D-U1;Delta SPEAR U1-U2;Mean_SPEAR_Up;SPEAR_U1;Delta SPEAR_noOLi D_Umean;Delta SPEAR_noOLi D_U1;Delta SPEAR_noOLi U1_U2;Mean_SPEAR_noOLi_Up;Delta Sed D-Umean;Delta Sed D-U1;Delta Sed U1-U2;Mean_Sed_Up;Delta Sed_noOLi D-Umean;Delta Sed_noOLi D-U1;Delta Sed_noOLi U1-U2;Mean_Sed_noOLi_Up;Delta TaxaEPT D-Umean;Delta TaxaEPT  D-U1;Delta TaxaEPT  U1-U2;Mean_TaxaEPT _Up;Delta TrarEPT D-Umean;Delta TrarEPT  D-U1;Delta TrarEPT  U1-U2;Mean_TrarEPT _Up;Delta ShannonEPT D-Umean;Delta ShannonEPT  D-U1;Delta ShannonEPT  U1-U2;Mean_ShannonEPT _Up;Delta EvennessEPT D-Umean;Delta EvennessEPT  D-U1;Delta EvennessEPT  U1-U2;Mean_EvennessEPT _Up;Delta TaxaIBCH D-Umean;Delta TaxaIBCH  D-U1;Delta TaxaIBCH  U1-U2;Mean_TaxaIBCH _Up;Delta TrarIBCH D-Umean;Delta TrarIBCH  D-U1;Delta TrarIBCH  U1-U2;Mean_TrarIBCH _Up;Delta ShannonIBCH D-Umean;Delta ShannonIBCH  D-U1;Delta ShannonIBCH  U1-U2;Mean_ShannonIBCH_Up;Delta EvennessIBCH D-Umean;Delta EvennessIBCH  D-U1;Delta EvennessIBCH  U1-U2;Mean_EvennessIBCH _Up;Catchment area_WWTP;p_Crop_WWTP;p_Orch_WWTP;p_Past_WWTP;p_Forest_WWTP;p_Urban_WWTP;p_agro_int_WWTP
1;2014;AAD;D;35;0.16;0.012550447;0.32;0.36;0.14;0.48;1;0.081438272;0.313097753;NA;-0.868059865;1.988837196;1.214543011;1.591688091;134;2.127104798;0.5;0.9;1;1;0.008924313;4.02E-05;0.000363698;-2.049425191;-4.395810218;-3.439258565;-5.082862374;0.012145019;6.13E-05;0.002173513;-1.9156;-4.2124;-2.6628;-4.395508069;49.3;1.692846919;45.3;70.86;1.850401148;116.16;6.44;2.42;6.55616;0.81979846;-0.245152338;0.896077618;2.31759;92.42188;0.998174762;1.7707;92.72617;15;12.08907283;1.355525218;0.500553948;26;18.23861965;1.24357608;0.381687917;0.130011793;0.426415;0.41459;0.02365;1.891175;1.903;0.02208;0.01342;0.01732;1.74862;-0.219033649;-0.259163299;0.080259299;1.115111268;1.155240917;-0.200374521;-0.241839117;0.082929192;1.198549283;2.84344;2.65065;0.38558;89.57844;2.99669;2.80658;0.38022;89.72948;-6.5;-7;1;21.5;-4.6654754;-3.66432006;-2.00231068;16.75454823;-0.978974998;-0.850346412;-0.257257171;2.334500216;-0.260780922;-0.213079612;-0.095402619;0.76133487;-2;-3;2;28;-5.21289898;-5.41602798;0.406258;23.45151863;-0.243356434;-0.267195991;0.047679115;1.486932514;-0.064603017;-0.066972417;0.0047388;0.446290934;4508.0353;20.81095675;0.110457742;28.95641809;28.65993529;14.4186981;49.76737484
2;2014;AAD;U1;35;0.16;0.012550447;0.32;0.36;0.14;0.48;0;0;0;NA;-0.826122104;1.678351069;1.292921048;0.824621225;478;2.679427897;0.5;0.9;1;1;0.003964485;5.77E-07;8.26E-06;-2.401813273;-6.239144234;-5.082862374;-5.082862374;0.00847549;1.90E-06;4.02E-05;-2.0718;-5.7204;-4.3955;-4.395508069;5.68;0.754348336;16.08;8.46;0.927370363;24.54;2.42;2.42;2.44454;-0.569829351;0.668298083;1.155240917;1.903;89.77123;1.240013879;1.75728;89.91959;22;15.75339289;2.20587163;0.71363356;29;23.65464763;1.510772071;0.448660334;0.167662624;NA;NA;NA;NA;NA;NA;NA;NA;NA;NA;NA;NA;NA;NA;NA;NA;NA;NA;NA;NA;NA;NA;NA;NA;NA;NA;NA;NA;NA;NA;NA;NA;NA;NA;NA;NA;NA;NA;NA;NA;NA;NA;NA;NA;NA;NA;NA;NA;NA;NA;NA;NA;NA;NA;NA;NA;NA;NA;4508.0353;20.81095675;0.110457742;28.95641809;28.65993529;14.4186981;49.76737484
3;2014;AAD;U2;35;0.16;0.012550447;0.32;0.36;0.14;0.48;0;0;0;NA;-0.784184342;1.367864942;1.102770809;0.985798181;393;2.59439255;0.5;0.9;1;1;NA;NA;NA;NA;NA;NA;-5.082862374;NA;NA;NA;NA;NA;NA;-4.395508069;5.74;0.758911892;10.5;4.16;0.619093331;14.66;2.41;2.42;2.42466;-0.471687676;0.602558554;1.074981618;1.87935;89.38565;1.157084687;1.73996;89.53937;21;17.75570357;2.463128801;0.809036179;27;23.24838963;1.463092956;0.443921534;0.168289205;NA;NA;NA;NA;NA;NA;NA;NA;NA;NA;NA;NA;NA;NA;NA;NA;NA;NA;NA;NA;NA;NA;NA;NA;NA;NA;NA;NA;NA;NA;NA;NA;NA;NA;NA;NA;NA;NA;NA;NA;NA;NA;NA;NA;NA;NA;NA;NA;NA;NA;NA;NA;NA;NA;NA;NA;NA;NA;4508.0353;20.81095675;0.110457742;28.95641809;28.65993529;14.4186981;49.76737484
4;2014;BIR;D;46.7;0.22;0.014085456;0.21;0.38;0.16;0.43;1;0.101270786;0.612625743;NA;-0.808511054;-1.017400885;-0.111264817;-0.64153454;286;2.456366033;0;0.9;0;0;0.009890505;3.23E-05;0.000165031;-2.004781537;-4.491330973;-3.782434475;-4.295112308;0.015398699;5.38E-05;0.000659623;-1.8125;-4.2693;-3.1807;-3.78203739;37.1;1.56937391;9.56;11.26;1.051538391;20.82;3.67;1.45;3.69082;0.095280971;-0.631093783;1.146930208;2.46362;89.04476;1.261562039;1.79209;89.28185;25;12.33889852;1.690369133;0.525142697;29;19.27409809;1.273073318;0.378069936;0.160377652;0.65515;0.64827;0.01376;1.80847;1.81535;0.0169;0.02014;-0.00648;1.77519;-0.040106215;-0.130284377;0.180356323;1.187036423;1.277214585;0.010210406;-0.092821889;0.20606459;1.251351632;-3.96411;-4.15446;0.3807;93.00887;-3.83394;-4.03403;0.40018;93.11579;-4;-1;-6;29;-2.846709865;-2.58226553;-0.52888867;15.18560839;-0.505961418;-0.522798462;0.033674088;2.196330551;-0.128932944;-0.15413969;0.050413492;0.654075641;-1;2;-6;30;-4.85238188;-3.54229765;-2.62016846;24.12647997;-0.469869293;-0.502925652;0.066112719;1.742942611;-0.135874169;-0.160791374;0.049834411;0.513944105;4869.0712;18.41123139;0.394736473;21.21575625;35.59200367;17.80627073;39.62698764
5;2014;BIR;U1;46.7;0.22;0.014085456;0.21;0.38;0.16;0.43;0;0;0;NA;-0.822490308;-0.91390551;-0.701295937;-1.092152297;223;2.348304863;0;0.9;0;0;0.004900657;4.24E-07;5.07E-05;-2.30974567;-6.372470183;-4.295112308;-4.295112308;0.007341892;2.80E-06;0.000165182;-2.1342;-5.5521;-3.782;-3.78203739;9.9;0.995635195;7.96;2.66;0.424881637;10.62;1.45;1.45;1.46062;-0.738193879;0.18481922;1.277214585;1.81535;93.19922;1.354383927;1.77195;93.31588;26;14.92116405;2.213167595;0.679282387;27;22.81639574;1.77599897;0.53886131;0.143268731;NA;NA;NA;NA;NA;NA;NA;NA;NA;NA;NA;NA;NA;NA;NA;NA;NA;NA;NA;NA;NA;NA;NA;NA;NA;NA;NA;NA;NA;NA;NA;NA;NA;NA;NA;NA;NA;NA;NA;NA;NA;NA;NA;NA;NA;NA;NA;NA;NA;NA;NA;NA;NA;NA;NA;NA;NA;NA;4869.0712;18.41123139;0.394736473;21.21575625;35.59200367;17.80627073;39.62698764
6;2014;BIR;U2;46.7;0.22;0.014085456;0.21;0.38;0.16;0.43;0;0;0;NA;-0.822490308;-0.91390551;-0.701295937;-1.092152297;385;2.58546073;0.5;0.9;1;0;NA;NA;NA;NA;NA;NA;-4.295112308;NA;NA;NA;NA;NA;NA;-3.78203739;7.72;0.8876173;6.74;2.44;0.387389826;9.18;1.47;1.45;1.47918;-0.725406284;0.000498088;1.096858262;1.80159;92.81852;1.148319337;1.77843;92.9157;32;15.45005272;2.179493507;0.628868895;33;25.4365642;1.709886251;0.489026899;0.152445741;NA;NA;NA;NA;NA;NA;NA;NA;NA;NA;NA;NA;NA;NA;NA;NA;NA;NA;NA;NA;NA;NA;NA;NA;NA;NA;NA;NA;NA;NA;NA;NA;NA;NA;NA;NA;NA;NA;NA;NA;NA;NA;NA;NA;NA;NA;NA;NA;NA;NA;NA;NA;NA;NA;NA;NA;NA;NA;4869.0712;18.41123139;0.394736473;21.21575625;35.59200367;17.80627073;39.62698764
7;2013;BUT;D;6.8;0.42;0.042830603;0.32;0.11;0.14;0.74;1;0.098539886;0.547443811;NA;-0.652153657;-1.491916228;-0.286697819;0.423241511;431;2.63447727;0.5;0.9;1;0;NA;5.97E-06;0.001088542;NA;-5.223834117;-2.963154776;-4.385130467;NA;1.06E-05;0.002172539;NA;-4.9739;-2.663;-4.113967757;79.98;1.9029814;170.12;42.48;1.628184508;212.6;6.19;3.89;6.4026;0.860839972;-2.164246405;0.762148758;2.35249;87.42697;0.841808564;1.80281;87.68623;14;9.92298103;0.911222661;0.34528339;25;22.10731196;1.809978439;0.562301418;0.200924886;0.26006;0.13799;0.24414;2.09243;2.2145;-0.01054;-0.00178;-0.01752;1.81335;-0.02648734;-0.074859146;0.096743611;0.788636098;0.837007904;-0.018503467;-0.0741925;0.111378067;0.860312031;-3.976025;-4.09195;0.23185;91.402995;-3.9226;-4.0538;0.2624;91.60883;-2.5;-2;-1;16.5;-0.163913561;0.496468457;-1.320764037;10.08689459;-0.187122193;0.03482061;-0.443885605;1.098344854;-0.045766028;0.029188167;-0.14990839;0.391049418;0.5;0;1;24.5;0.188913865;-0.29714521;0.97211815;21.9183981;-0.146567642;-0.091002869;-0.111129545;1.956546081;-0.049548475;-0.02827163;-0.04255369;0.611849893;1673.7171;46.01974383;0.109483677;33.76771551;15.0563079;8.125626487;79.78745934
8;2013;BUT;U1;6.8;0.42;0.042830603;0.32;0.11;0.14;0.74;0;0;0;NA;-0.610215895;-1.802402355;-0.581890341;0.577900113;174;2.240549248;0.5;0.9;1;0;NA;6.30E-07;4.12E-05;NA;-6.200858729;-4.385130467;-4.385130467;NA;8.80E-07;7.69E-05;NA;-6.0554;-4.114;-4.113967757;36.25;1.559308011;99.89;13.54;1.131618664;113.43;3.89;3.89;4.00343;0.120905461;-1.056412938;0.837007904;2.2145;91.51892;0.916001064;1.80459;91.74003;16;9.426512573;0.876402051;0.316095223;25;22.40445717;1.900981308;0.590573048;0.159619833;NA;NA;NA;NA;NA;NA;NA;NA;NA;NA;NA;NA;NA;NA;NA;NA;NA;NA;NA;NA;NA;NA;NA;NA;NA;NA;NA;NA;NA;NA;NA;NA;NA;NA;NA;NA;NA;NA;NA;NA;NA;NA;NA;NA;NA;NA;NA;NA;NA;NA;NA;NA;NA;NA;NA;NA;NA;NA;1673.7171;46.01974383;0.109483677;33.76771551;15.0563079;8.125626487;79.78745934
9;2013;BUT;U2;6.8;0.42;0.042830603;0.32;0.11;0.14;0.74;0;0;0;NA;-0.790583294;-0.869707081;-0.576191613;-0.099469775;243;2.385606274;0;0.9;0;0;NA;NA;NA;NA;NA;NA;-4.385130467;NA;NA;NA;NA;NA;NA;-4.113967757;35.75;1.553276046;71.09;13.31;1.124178055;84.4;3.97;3.89;4.0544;0.113193514;-1.233378717;0.740264293;1.97036;91.28707;0.804622997;1.82211;91.47763;17;10.74727661;1.320287656;0.466003613;24;21.43233902;2.012110853;0.633126738;0.109960583;NA;NA;NA;NA;NA;NA;NA;NA;NA;NA;NA;NA;NA;NA;NA;NA;NA;NA;NA;NA;NA;NA;NA;NA;NA;NA;NA;NA;NA;NA;NA;NA;NA;NA;NA;NA;NA;NA;NA;NA;NA;NA;NA;NA;NA;NA;NA;NA;NA;NA;NA;NA;NA;NA;NA;NA;NA;NA;1673.7171;46.01974383;0.109483677;33.76771551;15.0563079;8.125626487;79.78745934
10;2013;COL;D;11.8;0.81;0.013837882;0.04;0.07;0.08;0.85;1;0.021476337;0.228742056;NA;2.508748959;0.150649456;-2.02415343;-0.220033473;287;2.457881897;0.5;0.9;1;1;NA;1.13E-05;0.000231591;NA;-4.947808824;-3.635278761;-3.820073434;NA;1.46E-05;0.000455525;NA;-4.8371;-3.3415;-3.535502358;44.39;1.647285145;187.18;43.93;1.642761203;231.11;7.43;6.48;7.66111;1.495699667;-3.049418786;0.735645833;2.52478;79.1191;0.861907166;1.77441;79.55528;6;5.604044292;0.615739982;0.343651027;16;11.78349895;1.144612982;0.412831868;0.127532882;0.64392;0.64287;0.0021;1.88086;1.88191;-0.061225;-0.0533;-0.01585;1.835635;-0.016689318;0.081143534;-0.195665703;0.752335151;0.654502299;0.039133126;0.144729944;-0.211193636;0.82277404;-6.06807;-4.83214;-2.47186;85.18717;-5.82964;-4.59452;-2.47024;85.38492;-0.5;-1;1;6.5;0.891568545;1.017073252;-0.251009415;4.712475748;0.259968553;0.309741403;-0.099545701;0.35577143;0.15185566;0.186398864;-0.069086409;0.191795368;-1;-1;0;17;-4.232758625;-3.2490162;-1.96748485;16.01625758;-0.372003187;-0.396510702;0.04901503;1.516616169;-0.122467097;-0.131117174;0.017300155;0.535298965;763.1295;45.29734797;1.570117568;4.790744305;9.4348338;7.600282783;50.08809228
11;2013;COL;U1;11.8;0.81;0.013837882;0.04;0.07;0.08;0.85;0;0;0;NA;2.494769705;0.254144832;-1.2953659;0.263769272;413;2.615950052;0.5;0.9;1;1;NA;1.24E-06;0.000151331;NA;-5.906007894;-3.820073434;-3.820073434;NA;1.76E-06;0.000291405;NA;-5.7539;-3.5355;-3.535502358;22.54;1.352953912;36.85;20.21;1.305566314;57.06;6.48;6.48;6.53706;0.69542188;-1.343256342;0.654502299;1.88191;83.95124;0.717177222;1.82771;84.1498;7;4.58697104;0.305998579;0.157252163;17;15.03251515;1.541123684;0.543949042;0.033657506;NA;NA;NA;NA;NA;NA;NA;NA;NA;NA;NA;NA;NA;NA;NA;NA;NA;NA;NA;NA;NA;NA;NA;NA;NA;NA;NA;NA;NA;NA;NA;NA;NA;NA;NA;NA;NA;NA;NA;NA;NA;NA;NA;NA;NA;NA;NA;NA;NA;NA;NA;NA;NA;NA;NA;NA;NA;NA;763.1295;45.29734797;1.570117568;4.790744305;9.4348338;7.600282783;50.08809228
12;2013;COL;U2;11.8;0.81;0.013837882;0.04;0.07;0.08;0.85;0;0;0;NA;2.494769705;0.254144832;-1.97362912;-0.29283118;524;2.719331287;0.5;0.9;1;1;NA;NA;NA;NA;NA;NA;-3.820073434;NA;NA;NA;NA;NA;NA;-3.535502358;23.12;1.36398783;39.32;22.4;1.350248018;61.72;6.35;6.48;6.41172;0.777621876;-1.562000278;0.850168003;1.87981;86.4231;0.928370858;1.84356;86.62004;6;4.837980455;0.40554428;0.226338572;17;17;1.492108654;0.526648887;0.07044824;NA;NA;NA;NA;NA;NA;NA;NA;NA;NA;NA;NA;NA;NA;NA;NA;NA;NA;NA;NA;NA;NA;NA;NA;NA;NA;NA;NA;NA;NA;NA;NA;NA;NA;NA;NA;NA;NA;NA;NA;NA;NA;NA;NA;NA;NA;NA;NA;NA;NA;NA;NA;NA;NA;NA;NA;NA;NA;763.1295;45.29734797;1.570117568;4.790744305;9.4348338;7.600282783;50.08809228
13;2013;DUR;D;17.4;0.16;0.018530949;0.44;0.17;0.21;0.6;1;0.037614155;0.366599911;NA;-1.990283215;3.825390723;-1.171373557;-0.690701226;351;2.545307116;0;1;0;0;NA;2.94E-05;0.000278069;NA;-4.531402138;-3.555847359;-4.634360548;NA;4.15E-05;0.000540331;NA;-4.3821;-3.2673;-4.434554036;43.6;1.639486489;107.28;40.39;1.606273853;147.67;3.4;1.56;3.54767;-0.421989822;-0.403124458;0.721726199;2.38569;92.49527;0.833315213;1.74813;92.85887;10;7.369818054;0.576247488;0.250261104;18;14.32501673;1.396410619;0.483124918;0.098643663;0.48163;0.49877;-0.03428;1.90406;1.88692;-0.00242;0.02683;-0.0585;1.75055;-0.199407862;-0.174428429;-0.049958866;0.921134061;0.896154628;-0.177847852;-0.155104357;-0.045486989;1.011163065;-1.750005;-0.17776;-3.14449;94.245275;-1.5795;-0.01565;-3.1277;94.43837;-4;-4;0;14;1.970136421;1.526279923;0.887712995;5.399681634;0.103421519;0.090806446;0.025230146;0.472825969;0.071096384;0.06631624;0.009560287;0.179164721;-2.5;-2;-1;20.5;-2.679451755;-2.21522776;-0.92844799;17.00446849;-0.455912128;-0.489562482;0.067300708;1.852322747;-0.130331146;-0.146428369;0.032194447;0.613456064;1086.8417;21.585446;0.213555653;42.99920361;11.3171955;19.7820897;64.58464961
14;2013;DUR;U1;17.4;0.16;0.018530949;0.44;0.17;0.21;0.6;0;0;0;NA;-1.570905601;0.720529454;0.734064429;1.829006082;209;2.320146286;0;0.9;0;0;NA;1.92E-06;2.32E-05;NA;-5.717610128;-4.634360548;-4.634360548;NA;2.35E-06;3.68E-05;NA;-5.6296;-4.4346;-4.434554036;19.46;1.289142836;32.37;19.57;1.291590826;51.94;1.56;1.56;1.61194;-1.080122053;0.454834778;0.896154628;1.88692;92.67303;0.98841957;1.7213;92.87452;14;5.843538131;0.485441042;0.183944864;20;16.54024449;1.885973101;0.629553287;0.118140579;NA;NA;NA;NA;NA;NA;NA;NA;NA;NA;NA;NA;NA;NA;NA;NA;NA;NA;NA;NA;NA;NA;NA;NA;NA;NA;NA;NA;NA;NA;NA;NA;NA;NA;NA;NA;NA;NA;NA;NA;NA;NA;NA;NA;NA;NA;NA;NA;NA;NA;NA;NA;NA;NA;NA;NA;NA;NA;1086.8417;21.585446;0.213555653;42.99920361;11.3171955;19.7820897;64.58464961
15;2013;DUR;U2;17.4;0.16;0.018530949;0.44;0.17;0.21;0.6;0;0;0;NA;-1.570905601;0.720529454;1.472544346;1.787552708;279;2.445604203;0;0.9;0;0;NA;NA;NA;NA;NA;NA;-4.634360548;NA;NA;NA;NA;NA;NA;-4.434554036;20.21;1.305566314;31.5;17.48;1.242541428;48.98;1.55;1.56;1.59898;-1.012524173;0.099171102;0.946113494;1.9212;95.81752;1.03390656;1.7798;96.00222;14;4.955825136;0.460210896;0.174384577;21;17.46869248;1.818672393;0.59735884;0.144804873;NA;NA;NA;NA;NA;NA;NA;NA;NA;NA;NA;NA;NA;NA;NA;NA;NA;NA;NA;NA;NA;NA;NA;NA;NA;NA;NA;NA;NA;NA;NA;NA;NA;NA;NA;NA;NA;NA;NA;NA;NA;NA;NA;NA;NA;NA;NA;NA;NA;NA;NA;NA;NA;NA;NA;NA;NA;NA;1086.8417;21.585446;0.213555653;42.99920361;11.3171955;19.7820897;64.58464961
16;2014;ELG;D;13.3;0.27;0.011696449;0.19;0.41;0.13;0.46;1;0.038910422;0.439146496;NA;-1.132127742;-1.166368445;0.985910138;0.236283347;118;2.071882007;0.5;0.9;1;1;0.010545144;4.53E-05;0.00019599;-1.976947506;-4.344224924;-3.707766577;-4.814686118;0.016568874;6.73E-05;0.000388541;-1.7807;-4.1719;-3.4106;-3.883441704;73.12;1.864036183;116.44;41.04;1.613207352;157.48;3.68;2.53;3.83748;-0.091407732;0.240658497;1.056075302;2.15787;88.9254;1.137798535;1.78509;89.10175;25;12.45151371;1.834888375;0.570040124;33;23.10480378;1.791226123;0.512290076;0.153870378;0.42423;0.40894;0.03058;1.73364;1.74893;0.05708;0.04224;0.02968;1.72801;-0.09684594;-0.184217166;0.174742453;1.152921242;1.240292468;-0.050478799;-0.140729466;0.180501335;1.188277334;0.207955;-2.07913;4.57417;88.717445;0.331655;-1.95653;4.57637;88.770095;-2;-5;6;27;-2.19074615;-1.62946673;-1.12255884;14.64225986;-0.081825704;0.124651043;-0.412953494;1.916714079;-0.015416293;0.067206227;-0.16524504;0.585456417;-1;-3;4;34;-5.04533319;-5.19670956;0.30275274;28.15013697;-0.197450806;-0.155239165;-0.084423282;1.988676929;-0.052290952;-0.030881405;-0.042819093;0.564581028;1529.9303;24.36557331;0.128798414;16.30669703;41.37443385;10.9808924;40.67227034
17;2014;ELG;U1;13.3;0.27;0.011696449;0.19;0.41;0.13;0.46;0;0;0;NA;-1.383754311;0.696548316;-0.210058814;-0.10069688;619;2.791690649;0.5;0.9;1;1;0.006184992;2.44E-07;1.53E-05;-2.208660876;-6.612158792;-4.814686118;-4.814686118;0.007862128;3.07E-06;0.000130785;-2.1045;-5.5134;-3.8834;-3.883441704;16.02;1.204662512;12.32;5.3;0.72427587;17.62;2.53;2.53;2.54762;-0.768395459;1.098619155;1.240292468;1.74893;91.00453;1.278528001;1.74285;91.05828;30;14.08098044;1.710237332;0.502833897;36;28.30151334;1.946465288;0.543171481;0.217802023;NA;NA;NA;NA;NA;NA;NA;NA;NA;NA;NA;NA;NA;NA;NA;NA;NA;NA;NA;NA;NA;NA;NA;NA;NA;NA;NA;NA;NA;NA;NA;NA;NA;NA;NA;NA;NA;NA;NA;NA;NA;NA;NA;NA;NA;NA;NA;NA;NA;NA;NA;NA;NA;NA;NA;NA;NA;NA;1529.9303;24.36557331;0.128798414;16.30669703;41.37443385;10.9808924;40.67227034
18;2014;ELG;U2;13.3;0.27;0.011696449;0.19;0.41;0.13;0.46;0;0;0;NA;-0.037912831;-1.308413339;0.072637142;-1.350067513;371;2.56937391;0.5;0.9;1;1;NA;NA;NA;NA;NA;NA;-4.814686118;NA;NA;NA;NA;NA;NA;-3.883441704;15.16;1.180699201;13.16;6.2;0.792391689;19.36;2.47;2.53;2.48936;-0.789881185;1.265870969;1.065550016;1.71835;86.43036;1.098026667;1.71317;86.48191;24;15.20353928;2.123190826;0.668078937;32;27.9987606;2.03088857;0.585990574;0.239427434;NA;NA;NA;NA;NA;NA;NA;NA;NA;NA;NA;NA;NA;NA;NA;NA;NA;NA;NA;NA;NA;NA;NA;NA;NA;NA;NA;NA;NA;NA;NA;NA;NA;NA;NA;NA;NA;NA;NA;NA;NA;NA;NA;NA;NA;NA;NA;NA;NA;NA;NA;NA;NA;NA;NA;NA;NA;NA;1529.9303;24.36557331;0.128798414;16.30669703;41.37443385;10.9808924;40.67227034
19;2014;ELL;D;24.1;0.55;0.01536553;0.11;0.19;0.14;0.66;1;0.092100694;0.412198912;NA;0.881328989;0.024331321;0.307164375;1.312628207;994;2.997386384;0.5;0.9;1;1;0.008274555;2.73E-05;9.04E-05;-2.082255353;-4.564332428;-4.043712437;-4.842127799;0.020272293;8.58E-05;0.000606329;-1.6931;-4.0664;-3.2173;-3.724561418;68.64;1.836577275;47.72;44.7;1.650307523;92.42;5.33;4.67;5.42242;1.238295134;-1.158778415;0.921530442;1.97994;77.05473;0.968554783;1.85443;77.16954;19;13.9300665;2.085958921;0.708440194;36;35.00749262;2.813362748;0.785083823;0.143848828;0.14604;0.16852;-0.04496;1.8339;1.81142;0.1368;0.15338;-0.03316;1.71763;-0.061734393;-0.030598557;-0.062271673;0.983264835;0.952128999;-0.072559919;-0.039050842;-0.067018154;1.041114702;-2.27115;-1.38919;-1.76392;79.32588;-2.284695;-1.39857;-1.77225;79.454235;1.5;3;-3;17.5;4.649418602;4.095122844;1.108591516;9.280647898;0.658394438;0.548515712;0.219757451;1.427564484;0.207424109;0.153924771;0.106998675;0.501016086;5.5;6;-1;30.5;6.32865261;7.09905186;-1.5407985;28.67884001;0.214991798;0.170411607;0.089160381;2.598370951;0.024710908;0.008018912;0.033383992;0.760372915;2774.2571;55.02866196;0.941039245;13.21382329;18.16702569;13.22876672;68.24248525
20;2014;ELL;U1;24.1;0.55;0.01536553;0.11;0.19;0.14;0.66;0;0;0;NA;0.567743048;-0.479320795;0.736878833;1.013033054;965;2.984527313;0.5;0.9;1;1;0.003382851;3.42E-07;1.44E-05;-2.470717178;-6.466322796;-4.842127799;-4.842127799;0.011283953;1.40E-06;0.000188555;-1.9475;-5.8539;-3.7246;-3.724561418;6.96;0.84260924;17.7;10.12;1.005180513;27.82;4.67;4.67;4.69782;0.345307307;-0.053158655;0.952128999;1.81142;78.44392;1.007605625;1.70105;78.56811;16;9.834943656;1.537443209;0.554515423;30;27.90844076;2.642951141;0.777064911;0.21265289;NA;NA;NA;NA;NA;NA;NA;NA;NA;NA;NA;NA;NA;NA;NA;NA;NA;NA;NA;NA;NA;NA;NA;NA;NA;NA;NA;NA;NA;NA;NA;NA;NA;NA;NA;NA;NA;NA;NA;NA;NA;NA;NA;NA;NA;NA;NA;NA;NA;NA;NA;NA;NA;NA;NA;NA;NA;NA;2774.2571;55.02866196;0.941039245;13.21382329;18.16702569;13.22876672;68.24248525
21;2014;ELL;U2;24.1;0.55;0.01536553;0.11;0.19;0.14;0.66;0;0;0;NA;2.23324388;0.385647442;-0.004596603;-0.092201932;598;2.776701184;0.5;0.9;1;1;NA;NA;NA;NA;NA;NA;-4.842127799;NA;NA;NA;NA;NA;NA;-3.724561418;5.94;0.773786445;12.96;9.44;0.974971994;22.4;4.69;4.67;4.7124;0.280478666;0.021258398;1.014400671;1.85638;80.20784;1.074623779;1.73421;80.34036;19;8.72635214;1.317685758;0.447516748;31;29.44923926;2.55379076;0.743680919;0.242279072;NA;NA;NA;NA;NA;NA;NA;NA;NA;NA;NA;NA;NA;NA;NA;NA;NA;NA;NA;NA;NA;NA;NA;NA;NA;NA;NA;NA;NA;NA;NA;NA;NA;NA;NA;NA;NA;NA;NA;NA;NA;NA;NA;NA;NA;NA;NA;NA;NA;NA;NA;NA;NA;NA;NA;NA;NA;NA;2774.2571;55.02866196;0.941039245;13.21382329;18.16702569;13.22876672;68.24248525
22;2013;HER;D;16.3;0.008;0.006133389;0.54;0.24;0.2;0.548;1;0.152636054;0.587061748;NA;1.88988253;0.220667541;-0.650818458;-1.249006396;289;2.460897843;0.5;1;1;1;NA;5.48E-05;0.000606015;NA;-4.261033608;-3.217516751;-4.553108467;NA;7.04E-05;0.001154528;NA;-4.1524;-2.9376;-4.270095952;133.39;2.125123273;47.33;6.67;0.824125834;54;3.58;1.33;3.634;0.786997782;-2.325347651;0.904307615;2.44554;89.46629;1.011205897;1.77473;89.76926;16;8.380990648;0.797965027;0.287805047;26;17.95762304;1.266184829;0.388627167;0.187282354;0.57752;0.59044;-0.02584;1.86802;1.8551;0.00738;0.01138;-0.008;1.76735;-0.144434998;-0.164790668;0.040711341;1.048742613;1.069098283;-0.119038402;-0.141797895;0.045518985;1.130244299;-2.627125;-3.70033;2.14641;92.093415;-2.498315;-3.5692;2.14177;92.267575;-8.5;-10;3;24.5;-0.178465002;0.318263892;-0.993457788;8.55945565;-0.342099605;-0.268896808;-0.146405594;1.140064632;-0.069392742;-0.039644377;-0.05949673;0.357197789;-0.5;0;-1;26.5;-1.79512059;-0.12926191;-3.33171736;19.75274363;-0.168413266;-0.052017058;-0.232792415;1.434598095;-0.04896513;-0.015965475;-0.065999309;0.437592297;3989.6089;0.010402022;0.004158503;52.20851947;29.1005968;12.4072312;52.21892149
23;2013;HER;U1;16.3;0.008;0.006133389;0.54;0.24;0.2;0.548;0;0;0;NA;-3.055775258;3.516843049;-0.42677398;0.688211768;293;2.46686762;0.5;1;1;1;NA;2.18E-06;2.80E-05;NA;-5.660687564;-4.553108467;-4.553108467;NA;2.56E-06;5.37E-05;NA;-5.5918;-4.2701;-4.270095952;18.75;1.273001272;44.38;5.86;0.767897616;50.24;1.33;1.33;1.38024;-0.041367133;-0.504996742;1.069098283;1.8551;93.16662;1.153003792;1.76335;93.33846;26;8.062726756;1.066861835;0.327449424;26;18.08688495;1.318201887;0.404592642;0.177607892;NA;NA;NA;NA;NA;NA;NA;NA;NA;NA;NA;NA;NA;NA;NA;NA;NA;NA;NA;NA;NA;NA;NA;NA;NA;NA;NA;NA;NA;NA;NA;NA;NA;NA;NA;NA;NA;NA;NA;NA;NA;NA;NA;NA;NA;NA;NA;NA;NA;NA;NA;NA;NA;NA;NA;NA;NA;NA;3989.6089;0.010402022;0.004158503;52.20851947;29.1005968;12.4072312;52.21892149
24;2013;HER;U2;16.3;0.008;0.006133389;0.54;0.24;0.2;0.548;0;0;0;NA;2.215184628;2.324052345;-1.404885122;-1.98958788;155;2.190331698;0.5;1;1;1;NA;NA;NA;NA;NA;NA;-4.553108467;NA;NA;NA;NA;NA;NA;-4.270095952;13.76;1.138618434;17.68;5.97;0.775974331;23.65;1.32;1.33;1.34365;0.686583059;-1.004590814;1.028386942;1.88094;91.02021;1.107484806;1.77135;91.19669;23;9.056184544;1.213267429;0.386946154;27;21.41860231;1.550994302;0.470591951;0.17536302;NA;NA;NA;NA;NA;NA;NA;NA;NA;NA;NA;NA;NA;NA;NA;NA;NA;NA;NA;NA;NA;NA;NA;NA;NA;NA;NA;NA;NA;NA;NA;NA;NA;NA;NA;NA;NA;NA;NA;NA;NA;NA;NA;NA;NA;NA;NA;NA;NA;NA;NA;NA;NA;NA;NA;NA;NA;NA;3989.6089;0.010402022;0.004158503;52.20851947;29.1005968;12.4072312;52.21892149
25;2013;HOC;D;28.1;0.47;0.035209716;0.26;0.13;0.14;0.73;1;0.090513183;0.310300859;NA;-1.684481925;-1.356873143;0.723950108;0.365593044;165;2.217483944;0.5;0.9;1;1;NA;3.80E-05;0.000170597;NA;-4.419715809;-3.768027593;-4.425029803;NA;4.80E-05;0.000308306;NA;-4.3188;-3.511;-4.172945587;43.46;1.638089722;501.67;35.73;1.553033016;537.4;6.91;3.53;7.4474;0.763512206;-1.635478662;0.865013048;2.55237;88.48786;0.96054003;1.82142;88.73894;19;14.18451512;1.661467535;0.56427304;24;18.24852801;1.380835507;0.434490912;0.164441204;0.630015;0.68165;-0.10327;1.922355;1.87072;-0.005265;-0.00969;0.00885;1.826685;0.05075006;-0.068615573;0.238731265;0.814262988;0.933628621;0.089393372;-0.033964266;0.246715275;0.871146659;3.32653;-0.55538;7.76382;85.16133;3.43687;-0.43161;7.73696;85.30207;0;-1;2;19;2.758458205;1.50740461;2.50210719;11.42605692;0.472158123;0.384555665;0.175204916;1.189309412;0.160568989;0.138029386;0.045079206;0.403704051;-2.5;-1;-3;26.5;-4.51039037;-4.14833675;-0.72410724;22.75891838;-0.471513272;-0.342317667;-0.258391209;1.852348779;-0.130505252;-0.10083672;-0.059337064;0.564996164;4946.0994;38.39861597;1.083682214;35.26601133;14.21322022;10.27071959;73.6646273
26;2013;HOC;U1;28.1;0.47;0.035209716;0.26;0.13;0.14;0.73;0;0;0;NA;-0.933759855;0.42220077;-1.734465656;0.244629192;221;2.344392274;0.5;1;1;1;NA;8.47E-06;3.76E-05;NA;-5.07213551;-4.425029803;-4.425029803;NA;1.53E-05;6.72E-05;NA;-4.8144;-4.1729;-4.172945587;30.94;1.490520309;40.24;13.13;1.118264726;53.37;3.53;3.53;3.58337;-0.921903024;-0.231021808;0.933628621;1.87072;89.04324;0.994504296;1.83111;89.17055;20;12.67711051;1.27691187;0.426243654;25;22.39686476;1.723153174;0.535327632;0.163374639;NA;NA;NA;NA;NA;NA;NA;NA;NA;NA;NA;NA;NA;NA;NA;NA;NA;NA;NA;NA;NA;NA;NA;NA;NA;NA;NA;NA;NA;NA;NA;NA;NA;NA;NA;NA;NA;NA;NA;NA;NA;NA;NA;NA;NA;NA;NA;NA;NA;NA;NA;NA;NA;NA;NA;NA;NA;NA;4946.0994;38.39861597;1.083682214;35.26601133;14.21322022;10.27071959;73.6646273
27;2013;HOC;U2;28.1;0.47;0.035209716;0.26;0.13;0.14;0.73;0;0;0;NA;-1.712440433;-1.149882392;-0.667273074;0.133232472;329;2.517195898;0.5;0.9;1;1;NA;NA;NA;NA;NA;NA;-4.425029803;NA;NA;NA;NA;NA;NA;-4.172945587;31.9;1.503790683;39.96;13.15;1.118925753;53.11;3.52;3.53;3.57311;-0.911204846;-0.466606757;0.694897356;1.97399;81.27942;0.747789022;1.82226;81.43359;18;10.17500332;1.101706954;0.381164448;28;23.120972;1.981544383;0.594664696;0.146805277;NA;NA;NA;NA;NA;NA;NA;NA;NA;NA;NA;NA;NA;NA;NA;NA;NA;NA;NA;NA;NA;NA;NA;NA;NA;NA;NA;NA;NA;NA;NA;NA;NA;NA;NA;NA;NA;NA;NA;NA;NA;NA;NA;NA;NA;NA;NA;NA;NA;NA;NA;NA;NA;NA;NA;NA;NA;NA;4946.0994;38.39861597;1.083682214;35.26601133;14.21322022;10.27071959;73.6646273
28;2013;HOR;D;37;0.29;0.011229863;0.2;0.43;0.08;0.49;1;0.02641369;0.462239583;NA;-1.297542963;0.745918684;-0.326036098;-0.437967582;250;2.397940009;0;1;0;0;NA;1.28E-05;0.000379269;NA;-4.892152617;-3.421052177;-4.843493027;NA;1.71E-05;0.000755927;NA;-4.767;-3.1215;-4.570215946;27;1.431363764;19.99;14.46;1.160168293;34.45;3.89;2.72;3.92445;-0.45407482;1.143600953;0.82711095;2.24911;87.33975;0.886737667;1.68629;87.49408;23;11.83572577;1.664937773;0.530996921;31;21.73040176;1.877908336;0.546859445;0.145174013;0.5013;0.47316;0.05628;1.74781;1.77595;0.02085;0.01034;0.02102;1.66544;0.009943919;0.018335524;-0.01678321;0.81716703;0.808775425;0.027113338;0.033089069;-0.011951462;0.859624329;1.19673;-0.18196;2.75738;86.14302;1.24901;-0.1398;2.77762;86.24507;3;4;-2;20;-0.97453837;-0.9482132;-0.05265034;12.81026414;-0.314606942;-0.441037444;0.252861005;1.979544715;-0.130957955;-0.184241273;0.106566637;0.661954876;-2;-1;-2;33;-5.404649755;-4.19999853;-2.40930245;27.13505152;-0.614421018;-0.580168842;-0.068504352;2.492329354;-0.166008221;-0.162391706;-0.007233029;0.712867666;2928.1904;26.64146816;1.270067691;24.85702548;38.6928391;8.776751676;51.49849364
29;2013;HOR;U1;37;0.29;0.011229863;0.2;0.43;0.08;0.49;0;0;0;NA;-1.297542963;0.745918684;-0.616554776;0.002386142;299;2.475671188;0;1;0;0;NA;3.70E-07;1.43E-05;NA;-6.431718365;-4.843493027;-4.843493027;NA;5.90E-07;2.69E-05;NA;-6.2289;-4.5702;-4.570215946;5.01;0.699837726;9.07;2.28;0.357934847;11.35;2.72;2.72;2.73135;-0.903031971;1.29788472;0.808775425;1.77595;87.52171;0.853648598;1.67595;87.63388;19;12.78393897;2.105975217;0.715238194;32;25.93040029;2.458077178;0.709251151;0.150418247;NA;NA;NA;NA;NA;NA;NA;NA;NA;NA;NA;NA;NA;NA;NA;NA;NA;NA;NA;NA;NA;NA;NA;NA;NA;NA;NA;NA;NA;NA;NA;NA;NA;NA;NA;NA;NA;NA;NA;NA;NA;NA;NA;NA;NA;NA;NA;NA;NA;NA;NA;NA;NA;NA;NA;NA;NA;NA;2928.1904;26.64146816;1.270067691;24.85702548;38.6928391;8.776751676;51.49849364
30;2013;HOR;U2;37;0.29;0.011229863;0.2;0.43;0.08;0.49;0;0;0;NA;-0.510821705;1.393254173;-1.135456293;-0.549945706;277;2.442479769;0;1;0;0;NA;NA;NA;NA;NA;NA;-4.843493027;NA;NA;NA;NA;NA;NA;-4.570215946;6.5;0.812913357;7.72;2.09;0.320146286;9.81;2.76;2.72;2.76981;-1.108643507;1.1153068;0.825558635;1.71967;84.76433;0.86560006;1.65493;84.85626;21;12.83658931;1.853114212;0.608671557;34;28.33970274;2.52658153;0.71648418;0.155566765;NA;NA;NA;NA;NA;NA;NA;NA;NA;NA;NA;NA;NA;NA;NA;NA;NA;NA;NA;NA;NA;NA;NA;NA;NA;NA;NA;NA;NA;NA;NA;NA;NA;NA;NA;NA;NA;NA;NA;NA;NA;NA;NA;NA;NA;NA;NA;NA;NA;NA;NA;NA;NA;NA;NA;NA;NA;NA;2928.1904;26.64146816;1.270067691;24.85702548;38.6928391;8.776751676;51.49849364
31;2013;KER;D;65.9;0.43;0.023490581;0.08;0.29;0.18;0.51;1;0.094444444;0.360036832;NA;1.638152178;0.124286222;3.803857742;1.091969051;202;2.305351369;0.5;0.25;0;0;NA;6.01E-05;0.000763701;NA;-4.221132339;-3.117076514;-3.857512957;NA;7.18E-05;0.001458794;NA;-4.1437;-2.836;-3.588539347;32.59;1.51308436;44.88;30.07;1.478133428;74.95;5.99;5.13;6.06495;1.098578726;-2.66917304;0.498142972;2.02706;79.12341;0.545069468;1.96484;79.32884;8;5.497538755;0.971912986;0.467391348;23;13.61205946;0.740971058;0.23631715;0.166957921;0.04054;0.06536;-0.04964;1.98652;1.9617;0.038705;0.03879;-0.00017;1.926135;-0.128815697;-0.148937229;0.040243065;0.626958669;0.647080201;-0.134636922;-0.153315176;0.037356508;0.67970639;-5.440155;-7.10853;3.33675;84.563565;-5.41472;-7.07577;3.3221;84.74356;-3.5;-3;-1;11.5;-2.347308943;-2.577618713;0.460619541;7.844847698;-0.13392542;-0.139840254;0.011829669;1.105838406;0.014251889;0.003754236;0.020995305;0.45313946;1.5;2;-1;21.5;-4.993449385;-4.25846761;-1.46996355;18.60550885;-0.545476393;-0.452178816;-0.186595153;1.286447451;-0.182817521;-0.155583353;-0.054468335;0.419134671;8226.0651;37.08186383;0.028459731;10.20297283;33.60051211;13.63957112;47.28483666
32;2013;KER;U1;65.9;0.43;0.023490581;0.08;0.29;0.18;0.51;0;0;0;NA;1.556316653;-0.172196288;1.44956402;0.076430221;320;2.505149978;0;0.9;0;0;NA;1.83E-06;0.000138831;NA;-5.73791508;-3.857512957;-3.857512957;NA;3.08E-06;0.000257906;NA;-5.5115;-3.5885;-3.588539347;14.61;1.164650216;28.77;31.5;1.498310554;60.27;5.13;5.13;5.19027;0.258941581;-1.204852905;0.647080201;1.9617;86.23194;0.698384643;1.92605;86.40461;11;8.075157468;1.11175324;0.463637112;21;17.87052707;1.193149874;0.391900503;0.222428153;NA;NA;NA;NA;NA;NA;NA;NA;NA;NA;NA;NA;NA;NA;NA;NA;NA;NA;NA;NA;NA;NA;NA;NA;NA;NA;NA;NA;NA;NA;NA;NA;NA;NA;NA;NA;NA;NA;NA;NA;NA;NA;NA;NA;NA;NA;NA;NA;NA;NA;NA;NA;NA;NA;NA;NA;NA;NA;8226.0651;37.08186383;0.028459731;10.20297283;33.60051211;13.63957112;47.28483666
33;2013;KER;U2;65.9;0.43;0.023490581;0.08;0.29;0.18;0.51;0;0;0;NA;1.638152178;0.124286222;1.736438956;-0.466466872;229;2.359835482;0;0.5;0;0;NA;NA;NA;NA;NA;NA;-3.857512957;NA;NA;NA;NA;NA;NA;-3.588539347;14.13;1.150142162;29.35;33.15;1.520483533;62.5;4.89;5.13;4.9525;0.174996737;-1.11495416;0.606837136;2.01134;82.89519;0.661028136;1.92622;83.08251;12;7.614537927;1.099923571;0.442641807;22;19.34049062;1.379745027;0.446368838;0.204072185;NA;NA;NA;NA;NA;NA;NA;NA;NA;NA;NA;NA;NA;NA;NA;NA;NA;NA;NA;NA;NA;NA;NA;NA;NA;NA;NA;NA;NA;NA;NA;NA;NA;NA;NA;NA;NA;NA;NA;NA;NA;NA;NA;NA;NA;NA;NA;NA;NA;NA;NA;NA;NA;NA;NA;NA;NA;NA;8226.0651;37.08186383;0.028459731;10.20297283;33.60051211;13.63957112;47.28483666
34;2014;KNO;D;16.6;0.41;0.012622891;0.24;0.2;0.14;0.65;1;0.064779202;0.600092373;NA;0.220228972;-1.182961853;-0.831583395;-0.769094207;177;2.247973266;0.5;0.9;1;1;0.008050769;3.51E-05;4.97E-05;-2.094162631;-4.454924491;-4.303565543;-4.700063524;0.013904152;8.88E-05;0.001745186;-1.8569;-4.0515;-2.7582;-2.825785656;47.84;1.679791171;125.16;13.06;1.115943177;138.22;5.1;3.21;5.23822;0.260016967;-0.639445396;0.536540019;2.29549;89.55044;0.590121438;1.92252;89.8054;11;6.896936526;1.170559327;0.488161155;25;15.37286447;1.442129888;0.44802284;0.10935493;0.320105;0.27839;0.08343;1.975385;2.0171;0.076205;0.0747;0.00301;1.846315;-0.355342052;-0.407730981;0.104777859;0.891882071;0.944271;-0.370372776;-0.423316355;0.105887158;0.960494214;-0.723735;-0.167;-1.11347;90.274175;-0.649745;-0.0883;-1.12289;90.455145;-7.5;-12;9;18.5;-5.301940817;-7.924607084;5.245332535;12.19887734;-0.611621284;-0.915559271;0.607875974;1.782180611;-0.124570892;-0.17716254;0.105183297;0.612732047;-1.5;-5;7;26.5;-4.79999329;-7.30954425;5.01910192;20.17285776;-0.401334379;-0.48386807;0.165067383;1.843464267;-0.115918346;-0.118247724;0.004658756;0.563941186;2362.9169;39.93892046;0.599958885;31.54941809;16.33574164;14.34667465;71.48833855
35;2014;KNO;U1;16.6;0.41;0.012622891;0.24;0.2;0.14;0.65;0;0;0;NA;0.220228972;-1.182961853;-1.530462131;-0.192629837;192;2.283301229;0.5;0.9;1;1;0.004426879;3.39E-07;1.99E-05;-2.35390232;-6.469432843;-4.700063524;-4.700063524;0.014736654;1.97E-06;0.001493531;-1.8316;-5.7052;-2.8258;-2.825785656;7.24;0.859738566;12.84;4.76;0.677606953;17.6;3.21;3.21;3.2276;-0.921971468;-0.008154293;0.944271;2.0171;89.71744;1.013437793;1.84782;89.8937;23;14.82154361;2.086118598;0.665323695;30;22.68240872;1.925997958;0.566270564;0.125610938;NA;NA;NA;NA;NA;NA;NA;NA;NA;NA;NA;NA;NA;NA;NA;NA;NA;NA;NA;NA;NA;NA;NA;NA;NA;NA;NA;NA;NA;NA;NA;NA;NA;NA;NA;NA;NA;NA;NA;NA;NA;NA;NA;NA;NA;NA;NA;NA;NA;NA;NA;NA;NA;NA;NA;NA;NA;NA;2362.9169;39.93892046;0.599958885;31.54941809;16.33574164;14.34667465;71.48833855
36;2014;KNO;U2;16.6;0.41;0.012622891;0.24;0.2;0.14;0.65;0;0;0;NA;-0.260589091;0.357354625;-1.375919418;-0.736704019;221;2.344392274;0.5;0.9;1;1;NA;NA;NA;NA;NA;NA;-4.700063524;NA;NA;NA;NA;NA;NA;-2.825785656;5.58;0.746634199;10.06;4.7;0.672097858;14.76;3.21;3.21;3.22476;-0.9677967;0.186539388;0.839493141;1.93367;90.83091;0.907550635;1.84481;91.01659;14;9.576211075;1.478242624;0.560140398;23;17.6633068;1.760930575;0.561611808;0.133730916;NA;NA;NA;NA;NA;NA;NA;NA;NA;NA;NA;NA;NA;NA;NA;NA;NA;NA;NA;NA;NA;NA;NA;NA;NA;NA;NA;NA;NA;NA;NA;NA;NA;NA;NA;NA;NA;NA;NA;NA;NA;NA;NA;NA;NA;NA;NA;NA;NA;NA;NA;NA;NA;NA;NA;NA;NA;NA;2362.9169;39.93892046;0.599958885;31.54941809;16.33574164;14.34667465;71.48833855
43;2014;MAR;D;26.5;0.54;0.009163893;0.1;0.21;0.13;0.64;1;0.056790123;0.23983316;NA;0.799493465;-0.272151189;1.883038536;-1.832561849;669;2.825426118;1;0.5;0;0;0.009412406;2.65E-05;0.000389818;-2.026299338;-4.577479002;-3.409138657;-4.65057758;0.015357983;6.22E-05;0.00082405;-1.8137;-4.2061;-3.084;-3.968866254;70.36;1.847325831;22.26;16.74;1.223755454;39;6.8;4.4;6.839;1.730415778;-1.51822721;0.842308481;2.19444;86.18174;0.916232499;1.84164;86.37434;11;9.426589085;1.518055043;0.633078125;27;21.64076024;1.987993761;0.603183301;0.204063815;0.2163;0.30965;-0.1867;1.97814;1.88479;0.030015;0.03082;-0.00161;1.811625;0.050779884;0.024941349;0.05167707;0.791528597;0.817367131;0.054041604;0.035450966;0.037181278;0.862190895;-1.780895;-2.09873;0.63567;87.962635;-1.783285;-2.06433;0.56209;88.157625;1;1;0;10;2.158013922;1.571533828;1.172960187;7.268575164;0.639010914;0.587353761;0.103314305;0.87904413;0.25131411;0.228879694;0.044868832;0.381764015;5;4;2;22;2.144877385;2.82105438;-1.35235399;19.49588286;0.035420728;0.106177745;-0.141514035;1.952573034;-0.029189757;0.003017622;-0.064414758;0.632373058;3242.9437;46.25273136;1.33026054;9.052741511;33.7039462;9.960086572;55.30547287
44;2014;MAR;U1;26.5;0.54;0.009163893;0.1;0.21;0.13;0.64;0;0;0;NA;0.783474212;0.74879895;-0.017928728;-0.478994542;557;2.745855195;0;0.9;0;0;0.00624901;2.07E-07;2.24E-05;-2.204188773;-6.683601584;-4.65057758;-4.65057758;0.009831203;3.95E-07;0.000107432;-2.0074;-6.4031;-3.9689;-3.968866254;6.26;0.796574333;17.06;10.28;1.011993115;27.34;4.4;4.4;4.42734;1.45694408;-1.397989027;0.817367131;1.88479;88.28047;0.880781534;1.81082;88.43867;10;7.855055257;0.930701282;0.404198431;23;18.81970586;1.881816016;0.600165679;0.234740275;NA;NA;NA;NA;NA;NA;NA;NA;NA;NA;NA;NA;NA;NA;NA;NA;NA;NA;NA;NA;NA;NA;NA;NA;NA;NA;NA;NA;NA;NA;NA;NA;NA;NA;NA;NA;NA;NA;NA;NA;NA;NA;NA;NA;NA;NA;NA;NA;NA;NA;NA;NA;NA;NA;NA;NA;NA;NA;3242.9437;46.25273136;1.33026054;9.052741511;33.7039462;9.960086572;55.30547287
45;2014;MAR;U2;26.5;0.54;0.009163893;0.1;0.21;0.13;0.64;0;0;0;NA;0.28281065;-0.062610218;-0.015399326;0.528610656;604;2.781036939;0;0.9;0;0;NA;NA;NA;NA;NA;NA;-4.65057758;NA;NA;NA;NA;NA;NA;-3.968866254;4.18;0.621176282;15.88;8.62;0.935507266;24.5;4.43;4.4;4.4545;1.389543009;-1.410548993;0.765690062;2.07149;87.6448;0.843600256;1.81243;87.87658;10;6.68209507;0.827386977;0.359329599;21;20.17205985;2.023330051;0.664580437;0.258914615;NA;NA;NA;NA;NA;NA;NA;NA;NA;NA;NA;NA;NA;NA;NA;NA;NA;NA;NA;NA;NA;NA;NA;NA;NA;NA;NA;NA;NA;NA;NA;NA;NA;NA;NA;NA;NA;NA;NA;NA;NA;NA;NA;NA;NA;NA;NA;NA;NA;NA;NA;NA;NA;NA;NA;NA;NA;NA;3242.9437;46.25273136;1.33026054;9.052741511;33.7039462;9.960086572;55.30547287
46;2013;MES;D;37.4;0.5;0.021329014;0.11;0.32;0.07;0.61;1;0.032243677;0.217970444;NA;-3.777165082;0.474775915;4.300692626;-2.037971821;524;2.719331287;0.5;0.25;0;0;NA;1.51E-05;0.003358402;NA;-4.822457908;-2.473867368;-3.256475262;NA;2.12E-05;0.00670149;NA;-4.6744;-2.1738;-2.960911894;21.03;1.322839273;111.73;21.73;1.337059726;133.46;4.83;4.08;4.96346;0.200531743;-1.927570525;0.514032263;2.10799;73.90787;0.557222772;1.94667;74.11778;7;4.169681719;0.316359478;0.162576611;26;20.65166205;1.83328752;0.562686679;0.144674903;0.02566;-0.03941;0.13014;2.08233;2.1474;0.066135;0.08254;-0.03281;1.880535;-0.078515515;0.022195424;-0.201421878;0.592547778;0.491836839;-0.079879424;0.026506099;-0.212771047;0.637102196;5.407215;7.77488;-4.73533;68.500655;5.43048;7.78803;-4.7151;68.6873;-6.5;-6;-1;13.5;-4.400788395;-5.048480313;1.295383837;8.570470114;-0.910151673;-1.135672094;0.451040843;1.226511151;-0.310125364;-0.403528746;0.186806765;0.472701975;-2.5;-2;-1;28.5;-2.196984955;-3.05704497;1.72012003;22.84864701;-0.118800686;-0.242847446;0.248093521;1.952088206;-0.02027964;-0.060364805;0.08017033;0.582966319;5070.7239;51.63494421;0.124901536;13.84590388;24.41466001;6.88264648;65.48084809
47;2013;MES;U1;37.4;0.5;0.021329014;0.11;0.32;0.07;0.61;0;0;0;NA;-3.777165082;0.474775915;4.93926821;-1.443031065;797;2.901458321;0.5;0.25;0;0;NA;2.74E-07;0.000554019;NA;-6.561771237;-3.256475262;-3.256475262;NA;4.55E-07;0.001094178;NA;-6.3422;-2.9609;-2.960911894;14.1;1.149219113;42.11;21.25;1.327358934;63.36;4.08;4.08;4.14336;0.108211613;-2.089189526;0.491836839;2.1474;66.13299;0.530716673;1.86413;66.32975;13;9.218162032;1.452031572;0.566105357;28;23.70870702;2.076134966;0.623051484;0.14948652;NA;NA;NA;NA;NA;NA;NA;NA;NA;NA;NA;NA;NA;NA;NA;NA;NA;NA;NA;NA;NA;NA;NA;NA;NA;NA;NA;NA;NA;NA;NA;NA;NA;NA;NA;NA;NA;NA;NA;NA;NA;NA;NA;NA;NA;NA;NA;NA;NA;NA;NA;NA;NA;NA;NA;NA;NA;NA;5070.7239;51.63494421;0.124901536;13.84590388;24.41466001;6.88264648;65.48084809
48;2013;MES;U2;37.4;0.5;0.021329014;0.11;0.32;0.07;0.61;0;0;0;NA;-4.563886341;-0.172559574;3.150137097;-1.597295715;1228;3.089198367;0.5;0.5;0;0;NA;NA;NA;NA;NA;NA;-3.256475262;NA;NA;NA;NA;NA;NA;-2.960911894;13.56;1.13225969;34.93;21.27;1.32776749;56.2;4.06;4.08;4.1162;0.017708387;-1.631484343;0.693258717;2.01726;70.86832;0.74348772;1.89694;71.04485;14;7.922778195;1.000990729;0.379298592;29;21.98858699;1.828041445;0.542881154;0.174255076;NA;NA;NA;NA;NA;NA;NA;NA;NA;NA;NA;NA;NA;NA;NA;NA;NA;NA;NA;NA;NA;NA;NA;NA;NA;NA;NA;NA;NA;NA;NA;NA;NA;NA;NA;NA;NA;NA;NA;NA;NA;NA;NA;NA;NA;NA;NA;NA;NA;NA;NA;NA;NA;NA;NA;NA;NA;NA;5070.7239;51.63494421;0.124901536;13.84590388;24.41466001;6.88264648;65.48084809
49;2014;MUR;D;15.5;0.43;0.019216292;0.23;0.19;0.15;0.66;1;0.092799708;0.607998084;NA;-0.124004464;-0.095315678;0.224725674;-0.930089913;351;2.545307116;0.5;0.9;1;1;0.010021085;5.04E-05;0.00096258;-1.999085255;-4.297529879;-3.016563286;-5.072497022;0.013895205;0.000132863;0.009235689;-1.8571;-3.8766;-2.0345;-3.064836267;86.3;1.936010796;9.42;3.96;0.597695186;13.38;3.7;3.14;3.71338;-0.065816498;-0.442475187;0.867292956;2.53617;83.87963;0.933198057;1.79138;84.05786;25;17.00157685;2.118398354;0.658117451;37;22.72451648;1.47016042;0.40714313;0.113060314;0.32954;0.64687;-0.63466;2.20663;1.8893;0.04887;0.05527;-0.0128;1.74251;-0.058262779;-0.077152878;0.037780199;0.925555735;0.944445834;-0.053623758;-0.063919303;0.02059109;0.986821815;3.146965;2.9724;0.34913;80.732665;3.178195;3.0307;0.29499;80.879665;-4;-6;4;29;0.12226663;-0.27829665;0.80112656;16.87931022;-0.198450175;-0.168495837;-0.059908675;2.316848529;-0.030887315;-0.007841405;-0.046091819;0.689004766;1;0;2;36;-2.41587408;-5.64143265;6.45111714;25.14039056;-0.162065632;-0.417152928;0.510174593;1.632226052;-0.047862601;-0.115525453;0.135325704;0.455005731;2020.5238;37.97193538;0.369926048;19.46813587;19.15344922;15.04560352;57.44007125
50;2014;MUR;U1;15.5;0.43;0.019216292;0.23;0.19;0.15;0.66;0;0;0;NA;0.146475803;0.383651253;-0.36388638;-0.277546003;354;2.549003262;0.5;0.9;1;1;0.001784024;5.30E-08;8.46E-06;-2.748599412;-7.27545074;-5.072497022;-5.072497022;0.003930572;2.93E-07;0.000861318;-2.4055;-6.5329;-3.0648;-3.064836267;7;0.84509804;12.14;5.6;0.748188027;17.74;3.14;3.14;3.15774;-1.754962117;1.728367084;0.944445834;1.8893;80.90723;0.99711736;1.73611;81.02716;31;17.2798735;2.286894191;0.665958856;37;28.36594913;1.887313348;0.522668583;0.163843293;NA;NA;NA;NA;NA;NA;NA;NA;NA;NA;NA;NA;NA;NA;NA;NA;NA;NA;NA;NA;NA;NA;NA;NA;NA;NA;NA;NA;NA;NA;NA;NA;NA;NA;NA;NA;NA;NA;NA;NA;NA;NA;NA;NA;NA;NA;NA;NA;NA;NA;NA;NA;NA;NA;NA;NA;NA;NA;2020.5238;37.97193538;0.369926048;19.46813587;19.15344922;15.04560352;57.44007125
51;2014;MUR;U2;15.5;0.43;0.019216292;0.23;0.19;0.15;0.66;0;0;0;NA;1.209747392;0.245107264;-0.120957203;-0.116278421;315;2.498310554;0.5;0.9;1;1;NA;NA;NA;NA;NA;NA;-5.072497022;NA;NA;NA;NA;NA;NA;-3.064836267;5.76;0.760422483;9.46;5.4;0.73239376;14.86;3.15;3.14;3.16486;-2.050735332;1.748459875;0.906665636;2.52396;80.5581;0.97652627;1.74891;80.73217;27;16.47874694;2.346802866;0.712050675;35;21.91483199;1.377138755;0.387342879;0.149629664;NA;NA;NA;NA;NA;NA;NA;NA;NA;NA;NA;NA;NA;NA;NA;NA;NA;NA;NA;NA;NA;NA;NA;NA;NA;NA;NA;NA;NA;NA;NA;NA;NA;NA;NA;NA;NA;NA;NA;NA;NA;NA;NA;NA;NA;NA;NA;NA;NA;NA;NA;NA;NA;NA;NA;NA;NA;NA;2020.5238;37.97193538;0.369926048;19.46813587;19.15344922;15.04560352;57.44007125
52;2013;NIE;D;25.1;0.12;0.028256983;0.33;0.46;0.08;0.45;1;0.059027778;0.218236502;NA;1.254893065;-0.647662315;-0.945900794;0.022804528;87;1.939519253;0.5;1;1;1;NA;1.41E-05;0.000101001;NA;-4.851927781;-3.995675458;-5.516187179;NA;1.91E-05;0.000200619;NA;-4.7184;-3.6976;-5.345550188;205.67;2.313170948;11.94;14.43;1.159266331;26.37;2.78;1.95;2.80637;2.443158461;2.911419031;0.831125403;2.58962;90.11866;0.900176687;1.83423;90.31742;23;17.20360411;2.482032313;0.791592056;33;20.40958375;1.433914387;0.410099038;0.157997244;0.658475;0.64287;0.03121;1.931145;1.94675;-0.03385;-0.01983;-0.02804;1.86808;-0.0115637;-0.048945665;0.07476393;0.842689103;0.880071068;0.008937522;-0.03262327;0.083121584;0.891239165;-1.15627;-0.29124;-1.73006;91.27493;-1.074435;-0.21735;-1.71417;91.391855;-1.5;-2;1;24.5;2.958237435;3.4154062;-0.91433753;14.24536668;0.567662117;0.810717131;-0.486110028;1.914370196;0.192554899;0.272368801;-0.159627805;0.599037158;1.5;0;3;31.5;-2.90428692;-4.40467428;3.00077472;23.31387067;-0.484663075;-0.660183586;0.351041023;1.918577462;-0.145598288;-0.188812286;0.086427997;0.555697326;1889.4481;9.514947774;0.216994582;27.73931709;45.9393407;9.632442405;37.25426486
53;2013;NIE;U1;25.1;0.12;0.028256983;0.33;0.46;0.08;0.45;0;0;0;NA;0.300794717;-0.421343128;-1.03215304;-0.300298875;288;2.459392488;0.5;1;1;1;NA;3.01E-07;3.05E-06;NA;-6.522155142;-5.516187179;-5.516187179;NA;3.19E-07;4.51E-06;NA;-6.4968;-5.3456;-5.345550188;14.72;1.16790781;7.7;2.54;0.404833717;10.24;1.95;1.95;1.96024;2.100253031;3.228569908;0.880071068;1.94675;90.4099;0.932799958;1.85406;90.53477;25;13.78819791;1.671315182;0.519223255;33;24.81425803;2.094097973;0.598911324;0.176786739;NA;NA;NA;NA;NA;NA;NA;NA;NA;NA;NA;NA;NA;NA;NA;NA;NA;NA;NA;NA;NA;NA;NA;NA;NA;NA;NA;NA;NA;NA;NA;NA;NA;NA;NA;NA;NA;NA;NA;NA;NA;NA;NA;NA;NA;NA;NA;NA;NA;NA;NA;NA;NA;NA;NA;NA;NA;NA;1889.4481;9.514947774;0.216994582;27.73931709;45.9393407;9.632442405;37.25426486
54;2013;NIE;U2;25.1;0.12;0.028256983;0.33;0.46;0.08;0.45;0;0;0;NA;0.920281937;-0.489644653;-1.431759148;-0.299730635;303;2.481442629;0.5;1;1;1;NA;NA;NA;NA;NA;NA;-5.516187179;NA;NA;NA;NA;NA;NA;-5.345550188;15.89;1.201123897;6.82;1.75;0.243038049;8.57;1.85;1.95;1.85857;2.282067391;3.346934611;0.805307138;1.91554;92.13996;0.849678373;1.8821;92.24894;24;14.70253544;2.15742521;0.67885106;30;21.81348331;1.74305695;0.512483327;0.12648845;NA;NA;NA;NA;NA;NA;NA;NA;NA;NA;NA;NA;NA;NA;NA;NA;NA;NA;NA;NA;NA;NA;NA;NA;NA;NA;NA;NA;NA;NA;NA;NA;NA;NA;NA;NA;NA;NA;NA;NA;NA;NA;NA;NA;NA;NA;NA;NA;NA;NA;NA;NA;NA;NA;NA;NA;NA;NA;1889.4481;9.514947774;0.216994582;27.73931709;45.9393407;9.632442405;37.25426486
55;2014;REI;D;43.6;0.44;0.019298474;0.2;0.2;0.15;0.64;1;0.168846899;0.500891112;NA;0.383251032;-0.123144058;1.263053517;1.149655908;248;2.394451681;0;0.9;0;0;0.007147651;4.40E-05;9.16E-05;-2.145836678;-4.356925778;-4.03791314;-5.10252583;0.021833475;9.30E-05;0.000741114;-1.6609;-4.0315;-3.1301;-4.137609156;31.32;1.495821753;20;11.38;1.056142262;31.38;4.93;4.02;4.96138;1.467078162;-1.269313914;0.594880083;2.39321;76.13919;0.643805799;1.74385;76.31949;11;7.933560199;1.200692881;0.500727824;32;19.73091925;1.668875901;0.481535797;0.192153934;0.486145;0.39563;0.18103;1.907065;1.99758;0.05626;-0.00129;0.1151;1.68759;0.020428508;0.00136288;0.038131256;0.574451575;0.593517203;0.025084446;0.006551311;0.037066271;0.618721353;2.070695;1.62266;0.89607;74.068495;2.09505;1.65294;0.88422;74.22444;0;0;0;11;-0.548096226;-1.189277435;1.282362418;8.481656425;-0.143867186;-0.416498456;0.54526254;1.344560067;-0.059997276;-0.173693347;0.227392142;0.5607251;4.5;3;3;27.5;-1.800639505;-2.64423893;1.68719885;21.53155876;-0.402446142;-0.527703455;0.250514627;2.071322043;-0.14327847;-0.17079161;0.055026281;0.624814267;7803.252;37.01092552;0.192823723;21.59478146;21.31162751;12.44352995;58.60570698
56;2014;REI;U1;43.6;0.44;0.019298474;0.2;0.2;0.15;0.64;0;0;0;NA;0.428173607;-0.230140338;0.518728717;0.383105866;389;2.589949601;0;0.9;0;0;0.003630828;3.84E-07;7.90E-06;-2.439994279;-6.415989653;-5.10252583;-5.10252583;0.010132294;3.02E-06;7.28E-05;-1.9943;-5.5199;-4.1376;-4.137609156;10.2;1.008600172;15.92;7.76;0.889861721;23.68;4.02;4.02;4.04368;-1.258856869;0.965971076;0.593517203;1.99758;74.51653;0.637254489;1.74514;74.66655;11;9.122837634;1.617191337;0.674421171;29;22.37515818;2.196579356;0.652327407;0.147224422;NA;NA;NA;NA;NA;NA;NA;NA;NA;NA;NA;NA;NA;NA;NA;NA;NA;NA;NA;NA;NA;NA;NA;NA;NA;NA;NA;NA;NA;NA;NA;NA;NA;NA;NA;NA;NA;NA;NA;NA;NA;NA;NA;NA;NA;NA;NA;NA;NA;NA;NA;NA;NA;NA;NA;NA;NA;NA;7803.252;37.01092552;0.192823723;21.59478146;21.31162751;12.44352995;58.60570698
57;2014;REI;U2;43.6;0.44;0.019298474;0.2;0.2;0.15;0.64;0;0;0;NA;0.61936134;0.533743459;-0.080640869;-0.302190732;193;2.285557309;0;0.9;0;0;NA;NA;NA;NA;NA;NA;-5.10252583;NA;NA;NA;NA;NA;NA;-4.137609156;7.44;0.871572936;12.1;7.4;0.86923172;19.5;4.16;4.02;4.1795;-1.217809415;1.095640519;0.555385948;1.81655;73.62046;0.600188218;1.63004;73.78233;11;7.840475216;1.071928797;0.447029029;26;20.68795933;1.946064729;0.597301126;0.204171999;NA;NA;NA;NA;NA;NA;NA;NA;NA;NA;NA;NA;NA;NA;NA;NA;NA;NA;NA;NA;NA;NA;NA;NA;NA;NA;NA;NA;NA;NA;NA;NA;NA;NA;NA;NA;NA;NA;NA;NA;NA;NA;NA;NA;NA;NA;NA;NA;NA;NA;NA;NA;NA;NA;NA;NA;NA;NA;7803.252;37.01092552;0.192823723;21.59478146;21.31162751;12.44352995;58.60570698
58;2013;ROM;D;47.6;0.35;0.008078103;0.39;0.16;0.1;0.74;1;0.047423697;0.245294984;NA;0.318083748;-1.907429483;0.902576183;-0.507035995;235;2.371067862;0.5;0.7;1;0;NA;2.15E-05;0.000145878;NA;-4.668095402;-3.836008927;-4.499427936;NA;2.46E-05;0.000158392;NA;-4.6097;-3.8003;-4.299702099;48.88;1.689131197;56.5;17.46;1.242044239;73.96;3.6;3.08;3.67396;-0.22463147;-0.878020361;0.722360082;2.14577;91.50629;0.782790969;1.81341;91.70258;19;10.10441801;1.083718186;0.368055916;29;24.17479997;2.068686084;0.614346404;0.034592224;0.1275;0.12246;0.01008;2.01827;2.02331;0.005205;0.03484;-0.05927;1.808205;-0.176121323;-0.154799245;-0.042644157;0.898481406;0.877159327;-0.18194939;-0.160014956;-0.043868867;0.964740359;4.43012;7.08736;-5.31448;87.07617;4.467015;7.11884;-5.30365;87.235565;-0.5;0;-1;19.5;-1.1557599;-2.19726307;2.08300634;11.26017791;-0.277656005;-0.406343719;0.257375428;1.361374191;-0.090714362;-0.138003784;0.094578845;0.458770278;0;0;0;29;-2.35086427;-4.2092185;3.71670846;26.52566424;-0.057641982;-0.115588442;0.11589292;2.126328066;-0.017118182;-0.034326785;0.034417207;0.631464586;9864.821;17.86796239;0.113560094;60.4201081;15.71239863;7.592636501;78.28807049
59;2013;ROM;U1;47.6;0.35;0.008078103;0.39;0.16;0.1;0.74;0;0;0;NA;1.811680808;-0.339177897;1.312587821;-1.349030979;316;2.499687083;0.5;0.5;0;0;NA;2.75E-06;3.17E-05;NA;-5.56125744;-4.499427936;-4.499427936;NA;3.60E-06;5.02E-05;NA;-5.4443;-4.2997;-4.299702099;27.67;1.442009159;32.41;11.85;1.07371835;44.26;3.08;3.08;3.12426;-0.540662594;-0.615581763;0.877159327;2.02331;84.41893;0.942805926;1.77857;84.58374;19;12.30168108;1.490061905;0.5060597;29;28.38401847;2.184274526;0.648673189;0.109019797;NA;NA;NA;NA;NA;NA;NA;NA;NA;NA;NA;NA;NA;NA;NA;NA;NA;NA;NA;NA;NA;NA;NA;NA;NA;NA;NA;NA;NA;NA;NA;NA;NA;NA;NA;NA;NA;NA;NA;NA;NA;NA;NA;NA;NA;NA;NA;NA;NA;NA;NA;NA;NA;NA;NA;NA;NA;NA;9864.821;17.86796239;0.113560094;60.4201081;15.71239863;7.592636501;78.28807049
60;2013;ROM;U2;47.6;0.35;0.008078103;0.39;0.16;0.1;0.74;0;0;0;NA;1.152712396;-1.163600427;1.10340673;-0.897276744;295;2.469822016;0.5;0.5;0;0;NA;NA;NA;NA;NA;NA;-4.499427936;NA;NA;NA;NA;NA;NA;-4.299702099;33.57;1.525951341;31.42;12.09;1.082426301;43.51;3;3.08;3.04351;-0.670453313;-0.342214634;0.919803484;2.01323;89.73341;0.986674793;1.83784;89.88739;20;10.21867474;1.232686477;0.411480855;29;24.66731001;2.068381606;0.614255982;0.072300703;NA;NA;NA;NA;NA;NA;NA;NA;NA;NA;NA;NA;NA;NA;NA;NA;NA;NA;NA;NA;NA;NA;NA;NA;NA;NA;NA;NA;NA;NA;NA;NA;NA;NA;NA;NA;NA;NA;NA;NA;NA;NA;NA;NA;NA;NA;NA;NA;NA;NA;NA;NA;NA;NA;NA;NA;NA;NA;9864.821;17.86796239;0.113560094;60.4201081;15.71239863;7.592636501;78.28807049
64;2013;ROT;D;7.4;0.001;0.001347035;0.47;0.46;0.06;0.471;1;0.035356653;0.255932877;NA;-0.843783213;-1.877890497;-0.973628538;-0.571167833;299;2.475671188;1;0.9;1;1;NA;4.40E-06;5.19E-06;NA;-5.356457869;-5.284755856;-5.832365103;NA;4.44E-06;7.25E-06;NA;-5.3522;-5.1394;-5.703589788;28.73;1.458335626;38.41;9.71;0.98721923;48.12;1.01;0.83;1.05812;-3.436716706;1.658502275;1.14314504;2.65387;97.35667;1.260402631;1.71906;97.59471;26;12.65340414;1.790920885;0.549683186;27;19.15567451;1.200733464;0.364318233;0.117370963;0.86838;0.86718;0.0024;1.78549;1.78669;0.006705;-0.00303;0.01947;1.712355;-0.016589677;-0.02207778;0.010976206;1.159734717;1.16522282;0.023672531;0.015805589;0.015733884;1.236730101;-0.3746;-0.45698;0.16476;97.73127;-0.263265;-0.34869;0.17085;97.857975;1.5;4;-5;24.5;1.955520615;2.55387589;-1.19671055;10.69788353;0.122538197;0.308668995;-0.372261596;1.668382688;0.02857567;0.070151794;-0.083152248;0.521107516;1;2;-2;26;-3.147539055;-3.00626438;-0.28254935;22.30321357;-0.826542921;-0.737151229;-0.178783383;2.027276385;-0.257813018;-0.237719497;-0.040187041;0.622131251;2279.8684;0;0;30.49144972;45.30963278;3.991458454;30.49144972
65;2013;ROT;U1;7.4;0.001;0.001347035;0.47;0.46;0.06;0.471;0;0;0;NA;-0.843783213;-1.877890497;0.206837465;-2.191423408;178;2.250420002;1;1;1;1;NA;3.43E-07;1.47E-06;NA;-6.464673694;-5.832365103;-5.832365103;NA;4.44E-07;1.98E-06;NA;-6.3526;-5.7036;-5.703589788;8.25;0.916453949;25.81;5.98;0.776701184;31.79;0.83;0.83;0.86179;-3.686469413;2.021332642;1.16522282;1.78669;97.81365;1.244597043;1.72209;97.9434;22;10.09952825;1.48225189;0.479531392;25;22.16193889;1.937884693;0.60203773;0.077003666;NA;NA;NA;NA;NA;NA;NA;NA;NA;NA;NA;NA;NA;NA;NA;NA;NA;NA;NA;NA;NA;NA;NA;NA;NA;NA;NA;NA;NA;NA;NA;NA;NA;NA;NA;NA;NA;NA;NA;NA;NA;NA;NA;NA;NA;NA;NA;NA;NA;NA;NA;NA;NA;NA;NA;NA;NA;NA;2279.8684;0;0;30.49144972;45.30963278;3.991458454;30.49144972
66;2013;ROT;U2;7.4;0.001;0.001347035;0.47;0.46;0.06;0.471;0;0;0;NA;-0.944223595;-1.817356656;-0.607639886;-2.275902441;80;1.903089987;1;0.9;1;1;NA;NA;NA;NA;NA;NA;-5.832365103;NA;NA;NA;NA;NA;NA;-5.703589788;8.64;0.936513742;30.83;3.39;0.530199698;34.22;0.8;0.83;0.83422;-3.709497793;2.019033162;1.154246614;1.78429;97.64889;1.228863159;1.70262;97.77255;27;11.2962388;1.854513486;0.56268364;27;22.44448824;2.116668076;0.642224771;0.098667365;NA;NA;NA;NA;NA;NA;NA;NA;NA;NA;NA;NA;NA;NA;NA;NA;NA;NA;NA;NA;NA;NA;NA;NA;NA;NA;NA;NA;NA;NA;NA;NA;NA;NA;NA;NA;NA;NA;NA;NA;NA;NA;NA;NA;NA;NA;NA;NA;NA;NA;NA;NA;NA;NA;NA;NA;NA;NA;2279.8684;0;0;30.49144972;45.30963278;3.991458454;30.49144972
67;2013;SEV;D;7.2;0.32;0.001755234;0.1;0.52;0.06;0.42;1;0.053240741;0.309139785;NA;2.161307612;1.820579083;-2.122947431;0.320804188;94;1.973127854;0.5;0.9;1;1;NA;7.98E-06;0.000161071;NA;-5.097806754;-3.792982174;-4.02436922;NA;9.76E-06;0.000281737;NA;-5.0104;-3.5502;-3.82392258;59.82;1.776846409;45.08;30.97;1.490941205;76.05;4.89;3.39;4.96605;-0.140515158;-1.449895037;0.775745864;2.59243;90.66561;0.935226152;1.73464;91.27026;6;5.760371349;0.871374336;0.486323277;13;9.029451239;0.96209953;0.375094942;0.143540145;0.729095;0.67173;0.11473;1.863335;1.9207;0.02844;0.01573;0.02542;1.7062;-0.030420647;-0.110887662;0.16093403;0.80616651;0.886633525;0.035400728;-0.052305103;0.175411661;0.899825425;5.35836;7.30481;-3.8929;85.30725;5.67833;7.64723;-3.9378;85.59193;-4.5;-8;7;10.5;-3.591947416;-5.944266181;4.70463753;9.352318765;-0.575584327;-0.79220375;0.433238846;1.446958663;-0.144995522;-0.144045024;-0.001900995;0.631318799;-1.5;-3;3;14.5;-4.208232741;-4.931665181;1.44686488;13.23768398;-0.539703683;-0.617019652;0.154631939;1.501803213;-0.187361792;-0.194451911;0.014180238;0.562456734;1347.0606;48.41591379;0.011135357;10.71542565;30.65934821;4.899556857;59.13133944
68;2013;SEV;U1;7.2;0.32;0.001755234;0.1;0.52;0.06;0.42;0;0;0;NA;2.034401599;0.83719416;-2.484491832;-0.259782129;68;1.832508913;0.5;0.9;1;1;NA;8.27E-07;9.45E-05;NA;-6.082270255;-4.02436922;-4.02436922;NA;1.08E-06;0.000149995;NA;-5.9668;-3.8239;-3.82392258;48.07;1.681874122;31.66;9.77;0.989894564;41.43;3.39;3.39;3.43143;-0.560145802;-1.403705694;0.886633525;1.9207;83.3608;0.987531255;1.71891;83.62303;14;11.70463753;1.663578086;0.630368301;16;13.96111642;1.579119182;0.569546853;0.155210657;NA;NA;NA;NA;NA;NA;NA;NA;NA;NA;NA;NA;NA;NA;NA;NA;NA;NA;NA;NA;NA;NA;NA;NA;NA;NA;NA;NA;NA;NA;NA;NA;NA;NA;NA;NA;NA;NA;NA;NA;NA;NA;NA;NA;NA;NA;NA;NA;NA;NA;NA;NA;NA;NA;NA;NA;NA;NA;1347.0606;48.41591379;0.011135357;10.71542565;30.65934821;4.899556857;59.13133944
69;2013;SEV;U2;7.2;0.32;0.001755234;0.1;0.52;0.06;0.42;0;0;0;NA;1.992867107;0.30914292;-1.677326265;-0.54304625;94;1.973127854;0.5;0.9;1;1;NA;NA;NA;NA;NA;NA;-4.02436922;NA;NA;NA;NA;NA;NA;-3.82392258;50.88;1.706547103;30.53;9.75;0.989004616;40.28;3.32;3.39;3.36028;-0.502678797;-1.265457291;0.725699495;1.80597;87.2537;0.812119594;1.69349;87.56083;7;7;1.23033924;0.632269296;13;12.51425154;1.424487243;0.555366615;0.159472896;NA;NA;NA;NA;NA;NA;NA;NA;NA;NA;NA;NA;NA;NA;NA;NA;NA;NA;NA;NA;NA;NA;NA;NA;NA;NA;NA;NA;NA;NA;NA;NA;NA;NA;NA;NA;NA;NA;NA;NA;NA;NA;NA;NA;NA;NA;NA;NA;NA;NA;NA;NA;NA;NA;NA;NA;NA;NA;1347.0606;48.41591379;0.011135357;10.71542565;30.65934821;4.899556857;59.13133944
70;2014;UNT;D;30.3;0.39;0.017164111;0.2;0.27;0.14;0.59;1;0.099334491;0.298189841;NA;2.410894182;0.875117086;-1.253310538;-0.165271514;441;2.644438589;0.5;0.9;1;1;0.012887915;5.19E-05;0.000358138;-1.889817345;-4.285057002;-3.445949644;-4.639755895;0.018595679;6.39E-05;0.002572666;-1.7306;-4.1944;-2.5896;-3.497910603;28.32;1.452093249;153.46;105.08;2.021520064;258.54;5.92;3.61;6.17854;0.696650832;-1.707016934;0.633448159;2.42536;87.8332;0.708427513;1.77583;88.1245;11;6.274640834;0.866803195;0.361485009;22;16.28475066;1.285997649;0.416040112;0.213120684;0.367215;0.30245;0.12953;2.058145;2.12291;-0.00266;-0.00495;0.00458;1.77849;-0.116832658;-0.078479011;-0.076707294;0.750280817;0.71192717;-0.119641071;-0.079288669;-0.080704804;0.828068584;0.516945;2.23235;-3.43081;87.316255;0.57897;2.29755;-3.43716;87.54553;-2.5;-2;-1;13.5;-4.395890281;-3.774644856;-1.24249085;10.67053112;-0.893211672;-0.911492499;0.036561654;1.760014867;-0.315159872;-0.331821348;0.033322953;0.676644881;-0.5;0;-1;22.5;-0.56813171;-0.04489647;-1.04647048;16.85288237;-0.099597613;-0.244916211;0.290637196;1.385595262;-0.029377125;-0.079234179;0.099714108;0.445417237;3703.1906;29.93912728;0.267607076;17.91184421;38.26430106;11.09853757;47.85097149
71;2014;UNT;U1;30.3;0.39;0.017164111;0.2;0.27;0.14;0.59;0;0;0;NA;0.072649905;-0.423306327;-0.80120027;-0.455758167;550;2.740362689;0.5;0.9;1;1;0.006744247;6.92E-07;2.29E-05;-2.171066507;-6.159839518;-4.639755895;-4.639755895;0.015483375;1.09E-06;0.000317753;-1.8101;-5.9606;-3.4979;-3.497910603;18.84;1.275080898;25.5;9.04;0.95616843;34.54;3.61;3.61;3.64454;-0.224852053;-0.096334648;0.71192717;2.12291;85.60085;0.787716182;1.78078;85.82695;13;10.04928569;1.778295694;0.693306357;22;16.32964713;1.53091386;0.495274291;0.131703737;NA;NA;NA;NA;NA;NA;NA;NA;NA;NA;NA;NA;NA;NA;NA;NA;NA;NA;NA;NA;NA;NA;NA;NA;NA;NA;NA;NA;NA;NA;NA;NA;NA;NA;NA;NA;NA;NA;NA;NA;NA;NA;NA;NA;NA;NA;NA;NA;NA;NA;NA;NA;NA;NA;NA;NA;NA;NA;3703.1906;29.93912728;0.267607076;17.91184421;38.26430106;11.09853757;47.85097149
72;2014;UNT;U2;30.3;0.39;0.017164111;0.2;0.27;0.14;0.59;0;0;0;NA;0.596173494;1.226815197;-0.827589739;-0.616980437;652;2.814247596;1;0.9;1;1;NA;NA;NA;NA;NA;NA;-4.639755895;NA;NA;NA;NA;NA;NA;-3.497910603;18.76;1.273232834;24.94;9.08;0.958085849;34.02;3.6;3.61;3.63402;-0.148870946;-0.252878964;0.788634464;1.99338;89.03166;0.868420986;1.7762;89.26411;14;11.29177654;1.74173404;0.659983404;23;17.37611761;1.240276664;0.395560183;0.135010731;NA;NA;NA;NA;NA;NA;NA;NA;NA;NA;NA;NA;NA;NA;NA;NA;NA;NA;NA;NA;NA;NA;NA;NA;NA;NA;NA;NA;NA;NA;NA;NA;NA;NA;NA;NA;NA;NA;NA;NA;NA;NA;NA;NA;NA;NA;NA;NA;NA;NA;NA;NA;NA;NA;NA;NA;NA;NA;3703.1906;29.93912728;0.267607076;17.91184421;38.26430106;11.09853757;47.85097149
73;2014;VAL;D;63.7;0.17;0.002376771;0.34;0.43;0.05;0.51;1;0.030905601;0.864788009;NA;-0.975770345;-1.640883788;0.834758128;2.552412727;425;2.62838893;0.5;0.9;1;1;0.012065855;8.69E-05;0.000678113;-1.918441892;-4.060972037;-3.168698183;-4.930853256;0.027530876;0.000158094;0.002541737;-1.5602;-3.8011;-2.5949;-3.935334696;322.76;2.508879707;962.1;72.62;1.861056245;1034.72;5.55;2.61;6.58472;0.43252656;-1.631128074;0.916057999;2.14401;91.90533;1.016660612;1.84482;92.19263;9;6.393997682;1.131041093;0.514758985;23;19.80097409;1.82779593;0.582937108;0.17201576;0.11878;0.06709;0.10338;2.02523;2.07692;-0.07259;-0.09748;0.04978;1.91741;0.036838105;0.168508175;-0.263340142;0.879219895;0.747549824;0.04927454;0.195366022;-0.292182964;0.967386072;4.55689;6.85967;-4.60556;87.34844;4.63732;6.93183;-4.58902;87.55531;-3;-3;0;12;0.511619932;0.284483884;0.454272096;5.88237775;0.514235851;0.561398315;-0.094324929;0.616805243;0.266538295;0.285517867;-0.037959144;0.24822069;3.5;2;3;19.5;3.43291936;2.57868313;1.70847246;16.36805473;0.215922927;0.190540997;0.05076386;1.611873003;0.039607642;0.045166418;-0.011117552;0.543329466;8368.7189;21.58985382;0.021867146;19.69489739;34.70065173;6.153869023;41.28475121
74;2014;VAL;U1;63.7;0.17;0.002376771;0.34;0.43;0.05;0.51;0;0;0;"Measured MP concentration indicate the presence of some WW upstream (about 1%); see ""Q:\Querprojekte\EcoImpact\Monitoring\Data\Dilution\2014\Tab_Dilution_Val_UP"" for estimates";0.881328989;0.024331321;-0.303154086;-0.237229107;448;2.651278014;1;0.9;1;1;0.005479841;2.68E-06;1.17E-05;-2.261232019;-5.572199435;-4.930853256;-4.930853256;0.013198546;2.98E-05;0.000116055;-1.8795;-4.5253;-3.9353;-3.935334696;46.2;1.664641976;58.58;56.72;1.753736222;115.3;2.61;2.61;2.7253;-1.187528283;1.14413006;0.747549824;2.07692;85.04566;0.82129459;1.9423;85.2608;12;6.109513798;0.569642778;0.229241118;21;17.22229096;1.637254933;0.53777069;0.206774275;NA;NA;NA;NA;NA;NA;NA;NA;NA;NA;NA;NA;NA;NA;NA;NA;NA;NA;NA;NA;NA;NA;NA;NA;NA;NA;NA;NA;NA;NA;NA;NA;NA;NA;NA;NA;NA;NA;NA;NA;NA;NA;NA;NA;NA;NA;NA;NA;NA;NA;NA;NA;NA;NA;NA;NA;NA;NA;8368.7189;21.58985382;0.021867146;19.69489739;34.70065173;6.153869023;41.28475121
75;2014;VAL;U2;63.7;0.17;0.002376771;0.34;0.43;0.05;0.51;0;0;0;"Measured MP concentration indicate the presence of some WW upstream (about 1%); see ""Q:\Querprojekte\EcoImpact\Monitoring\Data\Dilution\2014\Tab_Dilution_Val_UP"" for estimates";0.909287497;-0.18265943;0.092363698;1.069454419;826;2.916980047;1;0.9;1;1;NA;NA;NA;NA;NA;NA;-4.930853256;NA;NA;NA;NA;NA;NA;-3.935334696;41.68;1.61992771;44.26;19.1;1.281033367;63.36;2.57;2.61;2.63336;-0.825698442;0.524915962;1.010889966;1.97354;89.65122;1.113477554;1.89252;89.84982;12;5.655241702;0.663967707;0.267200262;18;15.5138185;1.586491073;0.548888242;0.133649871;NA;NA;NA;NA;NA;NA;NA;NA;NA;NA;NA;NA;NA;NA;NA;NA;NA;NA;NA;NA;NA;NA;NA;NA;NA;NA;NA;NA;NA;NA;NA;NA;NA;NA;NA;NA;NA;NA;NA;NA;NA;NA;NA;NA;NA;NA;NA;NA;NA;NA;NA;NA;NA;NA;NA;NA;NA;NA;8368.7189;21.58985382;0.021867146;19.69489739;34.70065173;6.153869023;41.28475121
76;2014;VIL;D;63;0.05;0.001428944;0.48;0.4;0.07;0.53;1;0.015375844;0.280659396;NA;0.881328989;0.024331321;0.004921973;2.214205397;154;2.187520721;1;0.9;1;0;0.007107252;2.39E-05;4.67E-05;-2.148298289;-4.620773097;-4.3302759;-5.738093786;0.008944279;3.43E-05;0.000227117;-2.0485;-4.4647;-3.6438;-4.727259123;50.4;1.702430536;379.22;11.9;1.075546961;391.12;2.8;1.64;3.19112;-2.094945297;1.378059478;1.127009;2.34785;91.72814;1.237193668;1.82151;91.92975;19;12.78762944;2.330714499;0.791564884;24;17.60056665;1.610695631;0.506818234;0.161502461;0.510155;0.52962;-0.03893;1.837695;1.81823;0.03638;0.03206;0.00864;1.78513;-0.002713839;-0.035603032;0.065778386;1.129722839;1.162612032;0.031361577;-0.003445618;0.06961439;1.205832091;-1.107855;-2.5989;2.98209;92.835995;-1.03819;-2.52437;2.97236;92.96794;1.5;3;-3;17.5;-1.704586885;-0.58331956;-2.24253465;14.49221633;-0.010513368;0.05904821;-0.139123155;2.341227867;-0.027480426;-0.027765538;0.000570223;0.819045311;-1;2;-6;25;-3.329235305;-1.41206148;-3.83434765;20.92980196;-0.019520267;0.097959049;-0.234958632;1.630215898;-0.000121686;0.017424573;-0.035092519;0.506939921;7687.6812;6.51728858;0.003121878;38.89319785;30.36026;5.68441886;45.41048643
77;2014;VIL;U1;63;0.05;0.001428944;0.48;0.4;0.07;0.53;0;0;0;NA;0.825411974;0.438312823;-0.289401032;2.24729976;88;1.944482672;0;0.9;0;0;0.002975661;4.53E-07;1.83E-06;-2.526416568;-6.343730575;-5.738093786;-5.738093786;0.006711279;2.57E-06;1.87E-05;-2.1732;-5.5897;-4.7273;-4.727259123;22.13;1.344981414;8.03;2.82;0.450249108;10.85;1.64;1.64;1.65085;-2.332792256;1.826850484;1.162612032;1.81823;94.32704;1.240639286;1.78945;94.45412;16;13.370949;2.271666289;0.819330422;22;19.01262813;1.512736582;0.489393661;0.125738241;NA;NA;NA;NA;NA;NA;NA;NA;NA;NA;NA;NA;NA;NA;NA;NA;NA;NA;NA;NA;NA;NA;NA;NA;NA;NA;NA;NA;NA;NA;NA;NA;NA;NA;NA;NA;NA;NA;NA;NA;NA;NA;NA;NA;NA;NA;NA;NA;NA;NA;NA;NA;NA;NA;NA;NA;NA;NA;7687.6812;6.51728858;0.003121878;38.89319785;30.36026;5.68441886;45.41048643
78;2014;VIL;U2;63;0.05;0.001428944;0.48;0.4;0.07;0.53;0;0;0;NA;0.108618038;-1.140772148;-0.315790501;2.086077491;118;2.071882007;0.5;0.9;1;0;NA;NA;NA;NA;NA;NA;-5.738093786;NA;NA;NA;NA;NA;NA;-4.727259123;16.34;1.213252052;7.18;3.16;0.499687083;10.34;1.64;1.64;1.65034;-2.4783415;2.271505609;1.096833646;1.85716;91.34495;1.171024897;1.78081;91.48176;19;15.61348365;2.410789444;0.818760199;28;22.84697578;1.747695214;0.52448618;0.154585309;NA;NA;NA;NA;NA;NA;NA;NA;NA;NA;NA;NA;NA;NA;NA;NA;NA;NA;NA;NA;NA;NA;NA;NA;NA;NA;NA;NA;NA;NA;NA;NA;NA;NA;NA;NA;NA;NA;NA;NA;NA;NA;NA;NA;NA;NA;NA;NA;NA;NA;NA;NA;NA;NA;NA;NA;NA;NA;7687.6812;6.51728858;0.003121878;38.89319785;30.36026;5.68441886;45.41048643
79;2014;ZUL;D;7.1;0.07;0.044719189;0.39;0.45;0.09;0.46;1;0.039087302;0.281027104;NA;-0.314466108;-0.146118636;0.235664324;2.370411982;83;1.919078092;0.5;0.9;1;0;0.011786635;2.00E-05;5.34E-05;-1.928610172;-4.698894099;-4.272586725;-5.373003204;0.019463272;3.46E-05;0.000816026;-1.7108;-4.4612;-3.0883;-4.039703106;240.69;2.381458047;35.16;8.18;0.912753304;43.34;2.66;0.88;2.70334;5.790015389;2.726167772;0.84974552;2.55501;94.1669;0.930297294;1.85268;94.40349;20;13.90419031;2.182535654;0.7285483;28;19.6068999;1.34259834;0.402915948;0.143355516;0.71069;0.74855;-0.07572;1.84432;1.80646;0.041765;0.09501;-0.10649;1.810915;-0.131632896;-0.066576545;-0.130112702;0.981378416;0.916322065;-0.108565173;-0.044609437;-0.127911472;1.038862466;2.072115;4.77242;-5.40061;92.094785;2.188255;4.87007;-5.36363;92.215235;3;4;-2;17;0.945228135;1.34283524;-0.79521421;12.95896218;0.135623907;0.177856775;-0.084465737;2.046911748;0.005633549;0.005513231;0.000240636;0.722914751;2.5;3;-1;25.5;-2.462251895;-2.11225825;-0.69998729;22.0691518;-0.459633419;-0.534929775;0.150592713;1.802231759;-0.153749639;-0.180370956;0.053242634;0.556665587;967.5887;2.257556211;0.010196068;34.50512287;46.30066473;7.131129167;36.76267908
80;2014;ZUL;U1;7.1;0.07;0.044719189;0.39;0.45;0.09;0.46;0;0;0;NA;-1.91392757;-0.479427522;-0.423328228;1.658309121;228;2.357934847;0;0.9;0;0;0.006598519;7.39E-07;4.24E-06;-2.180553496;-6.131306892;-5.373003204;-5.373003204;0.008110746;1.73E-06;9.13E-05;-2.0909;-5.7619;-4.0397;-4.039703106;17.45;1.241795431;20.45;3.78;0.5774918;24.23;0.88;0.88;0.90423;5.398542757;2.82519422;0.916322065;1.80646;89.39448;0.974906731;1.75767;89.53342;16;12.56135507;2.004678879;0.723035069;25;21.71915815;1.877528115;0.583286904;0.191550473;NA;NA;NA;NA;NA;NA;NA;NA;NA;NA;NA;NA;NA;NA;NA;NA;NA;NA;NA;NA;NA;NA;NA;NA;NA;NA;NA;NA;NA;NA;NA;NA;NA;NA;NA;NA;NA;NA;NA;NA;NA;NA;NA;NA;NA;NA;NA;NA;NA;NA;NA;NA;NA;NA;NA;NA;NA;NA;967.5887;2.257556211;0.010196068;34.50512287;46.30066473;7.131129167;36.76267908
81;2014;ZUL;U2;7.1;0.07;0.044719189;0.39;0.45;0.09;0.46;0;0;0;NA;-0.342424616;0.060872115;-0.179529535;1.698012464;201;2.303196057;0;0.9;0;0;NA;NA;NA;NA;NA;NA;-5.373003204;NA;NA;NA;NA;NA;NA;-4.039703106;17.76;1.249442961;24.58;4.28;0.631443769;28.86;0.9;0.88;0.92886;5.626293977;4.232702998;1.046434767;1.88218;94.79509;1.102818202;1.86416;94.89705;18;13.35656928;2.089144616;0.722794433;26;22.41914544;1.726935402;0.53004427;0.15712493;NA;NA;NA;NA;NA;NA;NA;NA;NA;NA;NA;NA;NA;NA;NA;NA;NA;NA;NA;NA;NA;NA;NA;NA;NA;NA;NA;NA;NA;NA;NA;NA;NA;NA;NA;NA;NA;NA;NA;NA;NA;NA;NA;NA;NA;NA;NA;NA;NA;NA;NA;NA;NA;NA;NA;NA;NA;NA;967.5887;2.257556211;0.010196068;34.50512287;46.30066473;7.131129167;36.76267908
