"Year","Site_code","Location","Mesh","Leaf","Rep","ID","AFDM","nbsp","sing.sp","qual.FRic","FRic","FEve","FDiv","FDis","RaoQ","FGR"
2013,"BUT","D","Coarse","Alder",1,13,0.97,5,5,0.330457792267978,0.244185447656302,0.788157962703346,0.4649337606942,6.30905882953396,51.2596696441163,4
2013,"BUT","D","Coarse","Alder",2,14,1.07,3,3,0.330457792267978,0.0807656335844043,0.960046966510436,0.689148697588549,7.96291078036913,64.0219945937466,3
2013,"BUT","D","Coarse","Alder",3,15,1.45,4,4,0.330457792267978,0.238733911489609,0.747028475445798,0.73452175771549,7.40721586458042,60.4889332248836,4
2013,"BUT","D","Coarse","Alder",4,16,1.3,5,5,0.330457792267978,0.229610462843231,0.54671577030115,0.39731733516489,6.6227886511317,59.6295208780668,5
2013,"BUT","D","Coarse","Alder",5,17,0.86,2,2,0.330457792267978,NA,NA,NA,6.80047756959975,48.1734324735723,2
2013,"BUT","D","Coarse","Alder",6,18,0.79,4,4,0.330457792267978,0.238733911489609,0.78118323465442,0.850328379302185,7.98538125094648,65.0404953086987,4
2013,"BUT","U1","Coarse","Alder",1,37,1.05,4,4,0.330457792267978,0.138270023523823,0.567108230007639,0.977705091731606,3.31625635606095,25.5565378129687,3
2013,"BUT","U1","Coarse","Alder",2,38,0.53,2,2,0.330457792267978,NA,NA,NA,7.08383080166641,50.1806588266378,2
2013,"BUT","U1","Coarse","Alder",3,39,1.33,5,5,0.330457792267978,0.305870027419645,0.73727417900287,0.683713112054855,5.05736097261028,40.7270437025842,4
2013,"BUT","U1","Coarse","Alder",4,40,0.29,3,3,0.330457792267978,0.229610462843231,0.316588211063488,0.776250169635118,4.67165074923131,41.9888796068881,3
2013,"BUT","U1","Coarse","Alder",5,41,1.42,3,3,0.330457792267978,0.10843737954796,0.381013479804815,0.689794555557681,4.72537662780761,36.6867762974971,3
2013,"BUT","U1","Coarse","Alder",6,42,1.38,4,4,0.330457792267978,0.271917020844885,0.674811171937282,0.924887280843812,6.20622895792024,51.0186302892837,4
2013,"BUT","U2","Coarse","Alder",1,61,0.16,2,2,0.330457792267978,NA,NA,NA,6.61665526203405,49.2526427136782,2
2013,"BUT","U2","Coarse","Alder",2,62,0.13,4,4,0.330457792267978,0.160294821559847,0.728378604502018,0.881270728692292,7.13522107711229,59.9710524332671,3
2013,"BUT","U2","Coarse","Alder",3,63,1.35,2,2,0.330457792267978,NA,NA,NA,0.832689593531377,5.5527537730634,2
2013,"BUT","U2","Coarse","Alder",4,64,1.08,4,4,0.330457792267978,0.171686316611154,0.427087640650139,0.802082407800225,4.98915224319221,42.8310368016654,4
2013,"BUT","U2","Coarse","Alder",5,65,0.48,3,3,0.330457792267978,0.109945818618591,0.951469418192426,0.480965074476156,5.92978407425679,47.4828966105359,3
2013,"BUT","U2","Coarse","Alder",6,66,0.38,3,3,0.330457792267978,0.0807656335844043,0.982219742611552,0.723715229156828,8.09594664560117,65.6875562735663,3
2013,"COL","D","Coarse","Alder",1,85,2.39,3,3,0.330457792267978,0.10843737954796,0.0712038140656439,0.627465181075016,0.979487027894757,7.46162273387846,3
2013,"COL","D","Coarse","Alder",2,86,2.33,3,3,0.330457792267978,0.10843737954796,0.071203813984857,0.627465181059423,0.979487026803344,7.4616227255242,3
2013,"COL","D","Coarse","Alder",3,87,1.33,3,3,0.330457792267978,0.10843737954796,0.742659570343976,0.757771441577909,7.0921977952879,53.3392690733093,3
2013,"COL","D","Coarse","Alder",4,88,2.57,2,2,0.330457792267978,NA,NA,NA,5.71809714042273,42.5640122246249,2
2013,"COL","D","Coarse","Alder",5,89,2.09,3,3,0.330457792267978,0.219712288888543,0.0895172349396562,0.984732402047872,1.41329398052135,11.7890923954666,3
2013,"COL","D","Coarse","Alder",6,90,1.99,2,2,0.330457792267978,NA,NA,NA,2.65826179263603,19.7874021128729,2
2013,"COL","U1","Coarse","Alder",1,109,1.96,2,2,0.330457792267978,NA,NA,NA,7.09745028030917,52.8315544622618,2
2013,"COL","U1","Coarse","Alder",2,110,2.31,4,4,0.330457792267978,0.10843737954796,0.577106806212612,0.751149350135863,3.79155049604392,30.1438440153943,4
2013,"COL","U1","Coarse","Alder",3,111,2.08,2,2,0.330457792267978,NA,NA,NA,0.512760924890205,3.41932357805583,2
2013,"COL","U1","Coarse","Alder",4,112,2.25,3,3,0.330457792267978,0.109945818618591,0.960231722591975,0.348282701475164,1.63068081838787,12.7957262267284,3
2013,"COL","U1","Coarse","Alder",6,114,1.4,3,3,0.330457792267978,0.10843737954796,0.38815458249587,0.691607940770765,4.79535429791653,37.326387642718,3
2013,"COL","U2","Coarse","Alder",1,133,1.36,3,3,0.330457792267978,0.10843737954796,0.560663873869864,0.731527525948659,6.327047891998,50.0641519558176,3
2013,"COL","U2","Coarse","Alder",2,134,2.22,3,3,0.330457792267978,0.0199774397487559,0.149537498553796,0.990689494478239,2.0069450296688,15.6101796828518,3
2013,"COL","U2","Coarse","Alder",3,135,2.29,3,3,0.330457792267978,0.10843737954796,0.164554336757349,0.645986868231144,2.20724773489858,16.9233982051596,3
2013,"COL","U2","Coarse","Alder",4,136,1.87,3,3,0.330457792267978,0.10843737954796,0.429276920607188,0.697729428800901,5.18600728051772,39.5363784255625,3
2013,"COL","U2","Coarse","Alder",5,137,1.24,3,3,0.330457792267978,0.10843737954796,0.525281886838717,0.728482605983004,6.12777800969164,48.4155635980601,3
2013,"COL","U2","Coarse","Alder",6,138,1.39,1,1,0.330457792267978,NA,NA,NA,0,0,1
2013,"DUR","D","Coarse","Alder",2,158,1.95,5,5,0.330457792267978,0.250405001891498,0.739627455321403,0.647585435028013,7.03804900086357,60.4251935219222,3
2013,"DUR","D","Coarse","Alder",3,159,1.6,5,5,0.330457792267978,0.205406139453858,0.559820317914432,0.752549656479005,1.56522371562472,11.719990942717,3
2013,"DUR","D","Coarse","Alder",4,160,2.01,3,3,0.330457792267978,0.0271692159240455,0.975943774253369,0.578942763429217,8.49495318449603,73.135914894585,3
2013,"DUR","D","Coarse","Alder",5,161,2.05,2,2,0.330457792267978,NA,NA,NA,0.754279102138763,5.02987687474452,2
2013,"DUR","D","Coarse","Alder",6,162,2.01,4,4,0.330457792267978,0.157968277905205,0.602424084337035,0.952772222683886,5.50454469203358,40.3666108664982,3
2013,"DUR","U1","Coarse","Alder",1,181,2.18,2,2,0.330457792267978,NA,NA,NA,1.44286030274699,11.4761752763859,2
2013,"DUR","U1","Coarse","Alder",4,184,2.15,4,4,0.330457792267978,0.127089302821385,0.637939161324707,0.940541836737553,4.54173396155217,32.5547922430376,2
2013,"DUR","U1","Coarse","Alder",5,185,1.92,2,2,0.330457792267978,NA,NA,NA,0.261482435930374,1.74368407385108,2
2013,"DUR","U1","Coarse","Alder",6,186,1.65,3,3,0.330457792267978,0.059953186891349,0.161392840195547,0.986017937238143,1.7119470056703,11.7719953902621,2
2013,"DUR","U2","Coarse","Alder",1,205,1.9,2,2,0.330457792267978,NA,NA,NA,0.512760924890205,3.41932357805583,2
2013,"DUR","U2","Coarse","Alder",2,206,2.14,2,2,0.330457792267978,NA,NA,NA,0.261482436442983,1.74368407726939,2
2013,"DUR","U2","Coarse","Alder",3,207,1.74,2,2,0.330457792267978,NA,NA,NA,0.832689594310346,5.55275377825791,2
2013,"DUR","U2","Coarse","Alder",4,208,1.89,2,2,0.330457792267978,NA,NA,NA,0.261482436161048,1.74368407538932,2
2013,"DUR","U2","Coarse","Alder",5,209,2.19,4,4,0.330457792267978,0.174910701922265,0.584825835378013,0.665135020450136,7.55039886631032,63.867267185955,3
2014,"ELG","U2","Coarse","Alder",1,7,2.17,1,1,0.330457792267978,NA,NA,NA,0,0,1
2014,"ELG","U2","Coarse","Alder",2,8,2.34,1,1,0.330457792267978,NA,NA,NA,0,0,1
2014,"ELG","U2","Coarse","Alder",3,9,2.23,1,1,0.330457792267978,NA,NA,NA,0,0,1
2014,"ELG","U2","Coarse","Alder",4,10,2.43,1,1,0.330457792267978,NA,NA,NA,0,0,1
2014,"ELG","U2","Coarse","Alder",5,11,2.02,1,1,0.330457792267978,NA,NA,NA,0,0,1
2014,"ELG","U2","Coarse","Alder",6,12,1.82,1,1,0.330457792267978,NA,NA,NA,0,0,1
2014,"ELG","U1","Coarse","Alder",1,19,2.33,1,1,0.330457792267978,NA,NA,NA,0,0,1
2014,"ELG","U1","Coarse","Alder",2,20,2.14,1,1,0.330457792267978,NA,NA,NA,0,0,1
2014,"ELG","U1","Coarse","Alder",3,21,1.97,1,1,0.330457792267978,NA,NA,NA,0,0,1
2014,"ELG","U1","Coarse","Alder",4,22,2.27,1,1,0.330457792267978,NA,NA,NA,0,0,1
2014,"ELG","U1","Coarse","Alder",5,23,2.34,1,1,0.330457792267978,NA,NA,NA,0,0,1
2014,"ELG","U1","Coarse","Alder",6,24,2.47,1,1,0.330457792267978,NA,NA,NA,0,0,1
2014,"ELG","D","Coarse","Alder",1,31,2.24,2,2,0.330457792267978,NA,NA,NA,5.55043360230034,30.8073131735447,2
2014,"ELG","D","Coarse","Alder",2,32,2.4,1,1,0.330457792267978,NA,NA,NA,0,0,1
2014,"ELG","D","Coarse","Alder",3,33,2.28,1,1,0.330457792267978,NA,NA,NA,0,0,1
2014,"ELG","D","Coarse","Alder",4,34,2.23,1,1,0.330457792267978,NA,NA,NA,0,0,1
2014,"ELG","D","Coarse","Alder",5,35,2.27,2,2,0.330457792267978,NA,NA,NA,5.55043360230034,30.8073131735447,2
2014,"ELG","D","Coarse","Alder",6,36,2.21,2,2,0.330457792267978,NA,NA,NA,4.16282520172526,23.1054848801585,2
2013,"HER","D","Coarse","Alder",1,229,1.54,5,5,0.330457792267978,0.205406139453858,0.850566490907705,0.749555469918717,7.75125724245926,62.9555508740335,3
2013,"HER","D","Coarse","Alder",3,231,1.53,6,6,0.330457792267978,0.268219343584249,0.6338982884442,0.62842492147761,4.19538808802369,32.8463642095844,3
2013,"HER","D","Coarse","Alder",6,234,1.93,2,2,0.330457792267978,NA,NA,NA,0.248360671384047,1.57307129636126,1
2013,"HER","U1","Coarse","Alder",3,255,1.83,7,7,0.330457792267978,0.634381935363479,0.701952831214211,0.894352338421527,5.79811004876921,49.7927974729155,4
2013,"HER","U1","Coarse","Alder",4,256,1.89,5,5,0.330457792267978,0.205406139453858,0.737297000864637,0.767545487100134,5.15715855669686,41.0591944848133,3
2013,"HER","U1","Coarse","Alder",5,257,1.94,5,5,0.330457792267978,0.205406139453858,0.800934409666501,0.808015954623646,8.24238655145367,69.555360279491,3
2013,"HER","U2","Coarse","Alder",1,277,1.38,4,4,0.330457792267978,0.138270023523823,0.457811864085682,0.987281983406357,6.90103209197115,51.9280325231336,3
2013,"HER","U2","Coarse","Alder",2,278,2,5,5,0.330457792267978,0.205406139453858,0.359622097376646,0.701067830313665,5.99444167271113,43.5094441282241,3
2013,"HER","U2","Coarse","Alder",3,279,1.89,4,4,0.330457792267978,0.127089302821385,0.861604806069541,0.882016481182512,7.48603356837524,56.5935204423499,2
2013,"HER","U2","Coarse","Alder",4,280,1.96,3,3,0.330457792267978,0.0298326439758632,0.932860913193906,0.887497938568824,7.31394895371446,53.6976836366135,3
2013,"HER","U2","Coarse","Alder",5,281,1.37,4,4,0.330457792267978,0.175573495477995,0.735326381036548,0.631982368498194,7.37967696553105,57.8538008984122,3
2013,"HER","U2","Coarse","Alder",6,282,1.6,4,4,0.330457792267978,0.138270023523823,0.601101316287961,0.936524991814531,3.77762320555919,28.420714971631,3
2013,"HOC","D","Coarse","Alder",1,301,1.05,5,5,0.330457792267978,0.295238139702635,0.457745921252063,0.433559308389217,6.20677620277138,49.6116357960865,4
2013,"HOC","D","Coarse","Alder",2,302,2.01,3,3,0.330457792267978,0.10843737954796,0.696954066838873,0.75500222260011,7.04663874930917,54.7918117936871,3
2013,"HOC","D","Coarse","Alder",3,303,1.65,4,4,0.330457792267978,0.123049293051971,0.605178527529,0.481530366986473,5.28889559269649,43.0500798909242,3
2013,"HOC","D","Coarse","Alder",4,304,1.27,4,4,0.330457792267978,0.175573495477995,0.412861406453959,0.776784999648158,7.7386992586567,60.8400282317499,3
2013,"HOC","D","Coarse","Alder",5,305,2.07,4,4,0.330457792267978,0.229610462843231,0.961774364433112,0.338601598946656,5.28640815905831,45.9608570997438,4
2013,"HOC","D","Coarse","Alder",6,306,1.92,5,5,0.330457792267978,0.19935806257471,0.750284850266155,0.576729698217205,7.95575302857629,70.2378719362118,5
2013,"HOC","U1","Coarse","Alder",1,325,0.45,2,2,0.330457792267978,NA,NA,NA,5.285493848655,39.3438270219206,2
2013,"HOC","U1","Coarse","Alder",2,326,0.42,3,3,0.330457792267978,0.0656276768594039,0.624782792324737,0.787762274949589,7.04822624849581,54.6306461180559,2
2013,"HOC","U1","Coarse","Alder",3,327,0.35,1,1,0.330457792267978,NA,NA,NA,0,0,1
2013,"HOC","U1","Coarse","Alder",6,330,0.99,4,4,0.330457792267978,0.304495864403786,0.776265254743216,0.591446506438972,7.66200141927996,62.3460453965214,3
2013,"HOC","U2","Coarse","Alder",1,349,0.8,4,4,0.330457792267978,0.271917020844885,0.520852985830951,0.721843023592032,6.97168969888062,56.342172191223,4
2013,"HOC","U2","Coarse","Alder",2,350,1.34,4,4,0.330457792267978,0.174910701922265,0.655161413603488,0.436431462029806,6.36999331648018,51.133924478878,3
2013,"HOC","U2","Coarse","Alder",3,351,0.79,2,2,0.330457792267978,NA,NA,NA,3.92540827313055,29.2197074692964,2
2013,"HOC","U2","Coarse","Alder",4,352,1.21,4,4,0.330457792267978,0.175573495477995,0.614101065645953,0.558433570029825,3.67432991398086,27.1562785695067,3
2013,"HOC","U2","Coarse","Alder",5,353,0.68,3,3,0.330457792267978,0.10843737954796,0.640086220488007,0.750517641184277,6.88533538190431,54.7996914903272,3
2013,"HOR","D","Coarse","Alder",1,373,1.16,5,5,0.330457792267978,0.268219343584249,0.691227677196046,0.634980062791693,2.41322180904068,19.3959633054519,3
2013,"HOR","D","Coarse","Alder",2,374,1.47,4,4,0.330457792267978,0.127089302821385,0.602260078077815,0.945116518170752,3.15874318379613,22.6336881373512,2
2013,"HOR","D","Coarse","Alder",3,375,0.73,3,3,0.330457792267978,0.0271692159240455,0.928406739188798,0.529004386902441,8.22710602248844,70.3102011017539,3
2013,"HOR","D","Coarse","Alder",4,376,0.97,4,4,0.330457792267978,0.138270023523823,0.358552499291699,0.979411788603629,4.37382285610349,31.568784444444,3
2013,"HOR","D","Coarse","Alder",5,377,0.86,4,4,0.330457792267978,0.22510439383524,0.687714372846935,0.712016250885495,5.51271164655864,40.7043459766882,3
2013,"HOR","U1","Coarse","Alder",1,397,1.36,3,3,0.330457792267978,0.0671361159300356,0.240627132053894,0.995058455520123,2.26559613453007,15.8734601541561,2
2013,"HOR","U1","Coarse","Alder",2,398,2.1,5,5,0.330457792267978,0.205406139453858,0.671411780899294,0.819030732480363,7.84601262804043,63.4117828877444,3
2013,"HOR","U1","Coarse","Alder",3,399,0.99,4,4,0.330457792267978,0.175573495477995,0.648030186908209,0.63650515641483,5.43773643514004,43.7734733253076,3
2013,"HOR","U1","Coarse","Alder",4,400,1.08,4,4,0.330457792267978,0.127089302821385,0.607372574249958,0.580441460338795,5.92721020095525,42.2663261753202,2
2013,"HOR","U1","Coarse","Alder",5,401,0.99,4,4,0.330457792267978,0.249807210692643,0.643822036372583,0.641326695918328,7.66836595704039,65.0617054257489,3
2013,"HOR","U1","Coarse","Alder",6,402,1.46,3,3,0.330457792267978,0.109274961128634,0.249439713192164,0.800579270338635,2.94796875128884,21.248634583543,2
2013,"HOR","U2","Coarse","Alder",1,421,1.53,3,3,0.330457792267978,0.172188846650664,0.697527866982018,0.942375375728842,8.12817306200808,71.6911770430465,3
2013,"HOR","U2","Coarse","Alder",2,422,0.43,6,6,0.330457792267978,0.350077213219437,0.666687074462001,0.811801357960844,7.40963948600119,62.2048926694023,4
2013,"HOR","U2","Coarse","Alder",3,423,1.49,4,4,0.330457792267978,0.123049293051971,0.377623428458505,0.403492351672372,2.74130333936445,20.6462803753616,3
2013,"HOR","U2","Coarse","Alder",4,424,0.97,5,5,0.330457792267978,0.427545157455757,0.627544068779525,0.417397435209838,5.48722749722377,44.4152890928119,4
2013,"HOR","U2","Coarse","Alder",5,425,1.59,3,3,0.330457792267978,0.10843737954796,0.477683968049716,0.716469675528709,5.70318602748522,44.8627175403804,3
2013,"HOR","U2","Coarse","Alder",6,426,1.48,4,4,0.330457792267978,0.175573495477995,0.528940648484741,0.559065141112105,1.48824580988768,11.6630611033804,3
2013,"KER","D","Coarse","Alder",1,445,0.92,6,6,0.330457792267978,0.268219343584249,0.704864912516751,0.749119916098012,8.10539386606964,71.2105132066125,3
2013,"KER","D","Coarse","Alder",2,446,0.26,3,3,0.330457792267978,0.0575949081462054,0.937770728121889,0.326311380455,3.29558504162866,24.4925002675682,2
2013,"KER","D","Coarse","Alder",3,447,0.88,4,4,0.330457792267978,0.182671094762608,0.947581625181555,0.673800113067512,8.37179399524379,71.49333172015,3
2013,"KER","D","Coarse","Alder",4,448,1.23,4,4,0.330457792267978,0.229610462843231,0.732331034491995,0.729279957455965,7.47724132607009,65.7761608995968,4
2013,"KER","D","Coarse","Alder",5,449,1.73,6,6,0.330457792267978,0.495663198590661,0.584048915370717,0.70059431309465,7.02275342774078,56.4802796302347,5
2013,"KER","D","Coarse","Alder",6,450,1.14,5,5,0.330457792267978,0.258814589708053,0.87326394841038,0.710331622871226,8.17404344570342,67.9326475094781,3
2013,"KER","U1","Coarse","Alder",1,469,0.56,2,2,0.330457792267978,NA,NA,NA,7.02528674566718,49.7659426394959,2
2013,"KER","U1","Coarse","Alder",2,470,0.72,4,4,0.330457792267978,0.175573495477995,0.735899674135962,0.648527096337598,6.73131057362469,54.6644841025873,3
2013,"KER","U1","Coarse","Alder",3,471,0.61,4,4,0.330457792267978,0.0954603208352671,0.756409110957079,0.669335550419689,7.24424895003957,56.4158597605734,3
2013,"KER","U1","Coarse","Alder",4,472,1.72,2,2,0.330457792267978,NA,NA,NA,5.93307398231615,39.6015377351913,2
2013,"KER","U1","Coarse","Alder",5,473,1.45,5,5,0.330457792267978,0.205406139453858,0.621856837804267,0.858718242114722,8.10091847694442,67.0274247577278,3
2013,"KER","U1","Coarse","Alder",6,474,0.11,3,3,0.330457792267978,0.10843737954796,0.625681692076906,0.94784474889898,6.87445456590659,54.2368318622531,3
2013,"KER","U2","Coarse","Alder",1,493,0.25,5,5,0.330457792267978,0.175573495477995,0.691151469387797,0.798540442475623,8.16556819921262,69.913812886284,4
2013,"KER","U2","Coarse","Alder",2,494,0.12,3,3,0.330457792267978,0.0656276768594039,0.428401217129544,0.85102688700714,5.68458955125446,42.9849455686455,2
2013,"KER","U2","Coarse","Alder",3,495,0.31,3,3,0.330457792267978,0.0656276768594039,0.772169464754077,0.806634352500866,6.93692783678094,53.2967981172967,2
2013,"KER","U2","Coarse","Alder",4,496,0.14,3,3,0.330457792267978,0.0122261598554199,0.601972941204376,0.847748461394581,6.25755102261406,48.0909085505572,3
2013,"KER","U2","Coarse","Alder",5,497,0.4,2,2,0.330457792267978,NA,NA,NA,6.18979016137951,48.2909767840749,2
2013,"KER","U2","Coarse","Alder",6,498,0.12,1,1,0.330457792267978,NA,NA,NA,0,0,1
2014,"KNO","U2","Coarse","Alder",2,80,2.23,1,1,0.330457792267978,NA,NA,NA,0,0,1
2014,"KNO","D","Coarse","Alder",1,103,3.34,1,1,0.330457792267978,NA,NA,NA,0,0,1
2014,"KNO","D","Coarse","Alder",2,104,2.45,1,1,0.330457792267978,NA,NA,NA,0,0,1
2014,"KNO","D","Coarse","Alder",3,105,2.02,2,2,0.330457792267978,NA,NA,NA,6.39103055468269,54.4603620678504,2
2014,"KNO","D","Coarse","Alder",4,106,2.29,1,1,0.330457792267978,NA,NA,NA,0,0,1
2014,"KNO","D","Coarse","Alder",5,107,2.25,1,1,0.330457792267978,NA,NA,NA,0,0,1
2014,"MAR","U2","Coarse","Alder",1,115,3.12,1,1,0.330457792267978,NA,NA,NA,0,0,1
2014,"MAR","U2","Coarse","Alder",5,119,2.69,2,2,0.330457792267978,NA,NA,NA,7.58571838009926,59.9407534814332,2
2014,"MAR","U2","Coarse","Alder",6,120,2.93,2,2,0.330457792267978,NA,NA,NA,5.92634248445255,46.8287136573697,2
2014,"MAR","U1","Coarse","Alder",2,128,1.56,1,1,0.330457792267978,NA,NA,NA,0,0,1
2014,"MAR","U1","Coarse","Alder",3,129,1.31,1,1,0.330457792267978,NA,NA,NA,0,0,1
2014,"MAR","U1","Coarse","Alder",4,130,0.98,1,1,0.330457792267978,NA,NA,NA,0,0,1
2014,"MAR","U1","Coarse","Alder",5,131,1.33,1,1,0.330457792267978,NA,NA,NA,0,0,1
2014,"MAR","U1","Coarse","Alder",6,132,1.47,1,1,0.330457792267978,NA,NA,NA,0,0,1
2014,"MAR","D","Coarse","Alder",1,139,2.19,1,1,0.330457792267978,NA,NA,NA,0,0,1
2014,"MAR","D","Coarse","Alder",2,140,1.91,1,1,0.330457792267978,NA,NA,NA,0,0,1
2014,"MAR","D","Coarse","Alder",3,141,1.09,1,1,0.330457792267978,NA,NA,NA,0,0,1
2014,"MAR","D","Coarse","Alder",4,142,1.59,1,1,0.330457792267978,NA,NA,NA,0,0,1
2014,"MAR","D","Coarse","Alder",5,143,1.31,1,1,0.330457792267978,NA,NA,NA,0,0,1
2014,"MAR","D","Coarse","Alder",6,144,1.94,1,1,0.330457792267978,NA,NA,NA,0,0,1
2013,"MES","D","Coarse","Alder",1,517,1.81,5,5,0.330457792267978,0.182671094762608,0.61664873702253,0.893889817825811,4.3683516952227,36.2177613267501,4
2013,"MES","D","Coarse","Alder",2,518,2.04,3,3,0.330457792267978,0.182671094762608,0.553960020201225,0.69850083911377,6.66786456260315,55.1621696467702,3
2013,"MES","D","Coarse","Alder",3,519,1.64,3,3,0.330457792267978,0.182671094762608,0.400957203815681,0.661296228256663,5.2473546087491,42.9619531598224,3
2013,"MES","D","Coarse","Alder",4,520,1.06,3,3,0.330457792267978,0.130296531941649,0.599449258245543,0.903706631378777,6.36937387113711,47.1337940240111,3
2013,"MES","D","Coarse","Alder",5,521,1.67,6,6,0.330457792267978,0.331665080327832,0.526167635098808,0.67937790355242,7.50616365258627,66.2178487726693,5
2013,"MES","D","Coarse","Alder",6,522,2.87,3,3,0.330457792267978,0.10843737954796,0.933234719260458,0.849153670632236,7.90388565288376,63.6012366591257,3
2013,"MES","U1","Coarse","Alder",1,541,0.75,3,3,0.330457792267978,0.10843737954796,0.135046042354665,0.640021056864852,1.82665029763786,13.975960567705,3
2013,"MES","U1","Coarse","Alder",2,542,1.52,4,4,0.330457792267978,0.182671094762608,0.548161001830879,0.736369912969538,5.77783200470096,48.232624367606,3
2013,"MES","U1","Coarse","Alder",3,543,1.48,4,4,0.330457792267978,0.10843737954796,0.465015735844129,0.736650085224544,2.22812348850347,17.1099343261854,4
2013,"MES","U1","Coarse","Alder",4,544,1.8,5,5,0.330457792267978,0.182671094762608,0.678873209345519,0.887164293148377,6.03191895142388,51.5270567901279,4
2013,"MES","U1","Coarse","Alder",5,545,1.88,5,5,0.330457792267978,0.182671094762608,0.461532451743808,0.934887987947562,7.09124664663326,60.1052356988902,4
2013,"MES","U1","Coarse","Alder",6,546,2.24,7,7,0.330457792267978,0.268219343584249,0.685816110680376,0.803695879162495,8.73587079424229,78.1580583603252,4
2013,"MES","U2","Coarse","Alder",1,565,2.02,7,7,0.330457792267978,0.427545157455757,0.508253501762852,0.442041968100685,4.05465926668807,34.5415785069879,5
2013,"MES","U2","Coarse","Alder",2,566,2,4,4,0.330457792267978,0.182671094762608,0.365381663492588,0.729885848492014,3.89083622799278,31.8735152522491,3
2013,"MES","U2","Coarse","Alder",3,567,1.73,4,4,0.330457792267978,0.182671094762608,0.275845840936028,0.716325615614631,2.53581933080928,18.3043494756606,3
2013,"MES","U2","Coarse","Alder",4,568,2.27,4,4,0.330457792267978,0.182671094762608,0.571424712647321,0.742511812939497,4.03411290414717,32.6275831763338,3
2013,"MES","U2","Coarse","Alder",5,569,2.23,5,5,0.330457792267978,0.182671094762608,0.512769350394517,0.932360856427075,2.98531241106341,24.7364246586846,4
2013,"MES","U2","Coarse","Alder",6,570,2.3,2,2,0.330457792267978,NA,NA,NA,0.291882645614677,2.17269769837812,2
2014,"MUR","U2","Coarse","Alder",1,151,2.18,1,1,0.330457792267978,NA,NA,NA,0,0,1
2014,"MUR","U2","Coarse","Alder",2,152,2.88,2,2,0.330457792267978,NA,NA,NA,5.68878944648958,32.3623253664912,1
2014,"MUR","U2","Coarse","Alder",3,153,2.49,1,1,0.330457792267978,NA,NA,NA,0,0,1
2014,"MUR","U2","Coarse","Alder",4,154,2.13,3,3,0.330457792267978,0.0039890945733261,0.987689910273628,0.38854897596298,5.00656865448248,33.0841833069821,2
2014,"MUR","U2","Coarse","Alder",5,155,2.53,1,1,0.330457792267978,NA,NA,NA,0,0,1
2013,"NIE","D","Coarse","Alder",1,589,0.47,4,4,0.330457792267978,0.0954603208352671,0.632139311844651,0.91827095382055,4.10662331930582,31.2092077056665,3
2013,"NIE","D","Coarse","Alder",2,590,0.33,3,3,0.330457792267978,0.0656276768594039,0.846400647626016,0.87703741110843,7.21513438515749,56.8879965432346,2
2013,"NIE","D","Coarse","Alder",4,592,0.53,5,5,0.330457792267978,0.234347601640249,0.855188755478378,0.775329844358274,8.1508585670944,67.8089283595255,4
2013,"NIE","D","Coarse","Alder",5,593,1.66,4,4,0.330457792267978,0.175573495477995,0.848635914830482,0.803172395805863,8.39482477034922,71.4970868132499,3
2013,"NIE","U1","Coarse","Alder",1,613,1.98,3,3,0.330457792267978,0.0671361159300356,0.722129143577078,0.967487564294748,5.89808366472981,42.0926558021057,2
2013,"NIE","U1","Coarse","Alder",2,614,2.19,4,4,0.330457792267978,0.127089302821385,0.59397264486326,0.955966888129991,3.16697307416583,22.8499724412386,2
2013,"NIE","U1","Coarse","Alder",3,615,1.85,4,4,0.330457792267978,0.127089302821385,0.56654216822751,0.977097593662387,2.59941530190596,18.5190480935713,2
2013,"NIE","U1","Coarse","Alder",4,616,0.33,2,2,0.330457792267978,NA,NA,NA,7.31410751491134,57.0625799889947,2
2013,"NIE","U1","Coarse","Alder",5,617,0.9,4,4,0.330457792267978,0.187591797761107,0.857507310637805,0.804297842077753,8.44197932202725,72.0135454083296,3
2013,"NIE","U1","Coarse","Alder",6,618,0.23,2,2,0.330457792267978,NA,NA,NA,0.953960989515919,6.75769824112104,2
2013,"NIE","U2","Coarse","Alder",1,637,0.21,3,3,0.330457792267978,0.10843737954796,0.640086220488007,0.750517641184277,6.88533538190431,54.7996914903272,3
2013,"NIE","U2","Coarse","Alder",3,639,0.4,3,3,0.330457792267978,0.109945818618591,0.805322375019861,0.593256512560855,7.57102936827644,59.5351626589621,3
2013,"NIE","U2","Coarse","Alder",4,640,1.18,3,3,0.330457792267978,0.109945818618591,0.95983881824398,0.739933381488086,8.53120065170412,72.9642579556898,3
2013,"NIE","U2","Coarse","Alder",5,641,1.72,4,4,0.330457792267978,0.175573495477995,0.870726465461165,0.825976605641895,8.55520303833121,73.4109272999607,3
2013,"NIE","U2","Coarse","Alder",6,642,0.9,2,2,0.330457792267978,NA,NA,NA,6.93485749561964,54.1037795451209,2
2013,"ROM","D","Coarse","Alder",1,661,2.41,4,4,0.330457792267978,0.138270023523823,0.71108880673608,0.852853708344359,5.90807544831929,43.8371396779052,3
2013,"ROM","D","Coarse","Alder",2,662,2.39,3,3,0.330457792267978,0.10843737954796,0.292286881970591,0.673076814614287,3.7636071747888,29.1376644654618,3
2013,"ROM","D","Coarse","Alder",3,663,2.04,2,2,0.330457792267978,NA,NA,NA,7.21192528573531,53.683676315164,2
2013,"ROM","D","Coarse","Alder",5,665,2.26,6,6,0.330457792267978,0.460701990954502,0.427156438450929,0.719873953799106,5.96021400173552,49.5134647086509,5
2013,"ROM","D","Coarse","Alder",6,666,2.27,4,4,0.330457792267978,0.138270023523823,0.753174608266663,0.782931417861461,6.28916654329665,44.1874015218235,3
2013,"ROM","U1","Coarse","Alder",1,685,2.55,1,1,0.330457792267978,NA,NA,NA,0,0,1
2013,"ROM","U1","Coarse","Alder",2,686,2.08,3,3,0.330457792267978,0.0671361159300356,0.53320472030299,0.954500486009069,4.78462821350885,34.2157077841488,2
2013,"ROM","U1","Coarse","Alder",3,687,2.38,3,3,0.330457792267978,0.0762337799437838,0.248212778959513,0.810041603951922,3.09443485615903,23.322802792555,3
2013,"ROM","U1","Coarse","Alder",4,688,1.99,3,3,0.330457792267978,0.10843737954796,0.204836421119578,0.654979190263625,2.73925103017738,20.1209894480701,3
2013,"ROM","U1","Coarse","Alder",6,690,2.21,2,2,0.330457792267978,NA,NA,NA,4.43332243425847,29.5634148250079,2
2013,"ROM","U2","Coarse","Alder",1,709,2.34,2,2,0.330457792267978,NA,NA,NA,0.634713225312528,4.23255710656911,2
2013,"ROM","U2","Coarse","Alder",2,710,1.74,4,4,0.330457792267978,0.175573495477995,0.755900830515291,0.650488226956931,7.64646629733583,60.7588890533867,3
2013,"ROM","U2","Coarse","Alder",3,711,2.28,3,3,0.330457792267978,0.10843737954796,0.161035620910174,0.64557272443624,2.17299530203855,15.9155109008019,3
2013,"ROM","U2","Coarse","Alder",5,713,2.14,1,1,0.330457792267978,NA,NA,NA,0,0,1
2013,"ROM","U2","Coarse","Alder",6,714,1.51,2,2,0.330457792267978,NA,NA,NA,5.66618228966828,39.3293866269805,2
2013,"ROT","D","Coarse","Alder",1,733,2.42,5,5,0.330457792267978,0.205406139453858,0.721289478533767,0.750754170887509,4.09934335969599,32.0701731021776,3
2013,"ROT","D","Coarse","Alder",2,734,2.35,4,4,0.330457792267978,0.127089302821385,0.121645419585357,0.98967492410984,6.11731709327082,42.9867053815914,2
2013,"ROT","D","Coarse","Alder",3,735,2.24,3,3,0.330457792267978,0.0671361159300356,0.817045367495295,0.955875519408853,6.43186283857527,46.1686080229283,2
2013,"ROT","D","Coarse","Alder",4,736,2.38,5,5,0.330457792267978,0.205406139453858,0.395407630504425,0.745998851918903,2.48261390603772,18.1745322401166,3
2013,"ROT","D","Coarse","Alder",5,737,2.46,4,4,0.330457792267978,0.187591797761107,0.52545183836546,0.57678071359906,2.14480473895551,16.3265900944273,3
2013,"ROT","D","Coarse","Alder",6,738,2.39,3,3,0.330457792267978,0.0671361159300356,0.61153039286373,0.952758266536734,5.33352250284889,38.2621685179707,2
2013,"ROT","U1","Coarse","Alder",1,757,2.51,4,4,0.330457792267978,0.187591797761107,0.612460013268804,0.693203416469928,6.5131419323294,52.2509806308016,3
2013,"ROT","U1","Coarse","Alder",2,758,2.6,4,4,0.330457792267978,0.175573495477995,0.57975758010939,0.603451096461326,3.85987540033666,30.543224305483,3
2013,"ROT","U1","Coarse","Alder",3,759,2.4,3,3,0.330457792267978,0.109274961128634,0.228987825810233,0.79770149852202,2.71823724490629,19.3710147488619,2
2013,"ROT","U1","Coarse","Alder",4,760,2.52,2,2,0.330457792267978,NA,NA,NA,1.48260732688819,10.2908861371266,2
2013,"ROT","U1","Coarse","Alder",5,761,0.78,4,4,0.330457792267978,0.20790987485914,0.172179009532039,0.410735970609247,5.37245756902445,39.200964615416,3
2013,"ROT","U1","Coarse","Alder",6,762,2.52,4,4,0.330457792267978,0.187591797761107,0.45306282908084,0.578730880017941,2.16184759460973,16.2897186443641,3
2013,"ROT","U2","Coarse","Alder",1,781,1.74,4,4,0.330457792267978,0.175573495477995,0.715594430100129,0.623732241512017,7.31021992409463,54.3169475879087,3
2013,"ROT","U2","Coarse","Alder",2,782,2.26,2,2,0.330457792267978,NA,NA,NA,0.665004973435038,3.2102739425957,1
2013,"ROT","U2","Coarse","Alder",3,783,2.33,3,3,0.330457792267978,0.0671361159300356,0.5629396917008,0.961533333499269,4.95370312967839,35.4576253969123,2
2013,"ROT","U2","Coarse","Alder",4,784,2.58,4,4,0.330457792267978,0.175573495477995,0.608673032346704,0.595391697036844,5.55280001536711,41.9353676003674,3
2013,"ROT","U2","Coarse","Alder",5,785,2.47,4,4,0.330457792267978,0.295238139702635,0.770577337631018,0.803488686317193,7.25091545733162,59.7941600802079,3
2013,"ROT","U2","Coarse","Alder",6,786,2.38,3,3,0.330457792267978,0.109945818618591,0.845702939239852,0.513566581530016,6.27772088457767,48.439096586622,3
2013,"SEV","D","Coarse","Alder",1,805,2.01,3,3,0.330457792267978,0.10843737954796,0.531638784240681,0.718157744699836,6.00570697671091,45.8135794123615,3
2013,"SEV","D","Coarse","Alder",2,806,2.36,1,1,0.330457792267978,NA,NA,NA,0,0,1
2013,"SEV","D","Coarse","Alder",3,807,2.52,4,4,0.330457792267978,0.19935806257471,0.576655795910419,0.458930882760671,5.32457090001337,41.9448331216109,4
2013,"SEV","D","Coarse","Alder",4,808,2.28,4,4,0.330457792267978,0.19935806257471,0.287061152920741,0.375579515084805,2.90515651442295,23.1880663699375,4
2013,"SEV","D","Coarse","Alder",5,809,2.31,1,1,0.330457792267978,NA,NA,NA,0,0,1
2013,"SEV","D","Coarse","Alder",6,810,2.07,3,3,0.330457792267978,0.0271692159240455,0.972764522450634,0.237877543389562,4.58496248675591,37.2111444926364,3
2013,"SEV","U1","Coarse","Alder",1,829,2.07,3,3,0.330457792267978,0.059953186891349,0.0856674562163748,0.992764402174627,0.91942013899209,6.30190089144053,2
2013,"SEV","U1","Coarse","Alder",2,830,1.74,2,2,0.330457792267978,NA,NA,NA,2.76890899493646,18.4643473250314,2
2013,"SEV","U1","Coarse","Alder",3,831,1.84,3,3,0.330457792267978,0.0671361159300356,0.692672187772946,0.881034668858469,6.22001600045021,43.302536163509,2
2013,"SEV","U1","Coarse","Alder",4,832,1.62,2,2,0.330457792267978,NA,NA,NA,4.73499822014271,31.5751264776136,2
2013,"SEV","U1","Coarse","Alder",5,833,1.35,2,2,0.330457792267978,NA,NA,NA,6.62461645486906,44.1759622080421,2
2013,"SEV","U1","Coarse","Alder",6,834,1.63,1,1,0.330457792267978,NA,NA,NA,0,0,1
2013,"SEV","U2","Coarse","Alder",1,853,1.95,3,3,0.330457792267978,0.0671361159300356,0.22495283815152,0.967540715254484,2.1926344500646,14.8922514295878,2
2013,"SEV","U2","Coarse","Alder",2,854,1.83,4,4,0.330457792267978,0.249807210692643,0.628333483700977,0.440645448035703,3.94942688096967,28.3052165953017,3
2013,"SEV","U2","Coarse","Alder",3,855,2,2,2,0.330457792267978,NA,NA,NA,0.986457962751052,6.57815135097871,2
2013,"SEV","U2","Coarse","Alder",4,856,2.05,2,2,0.330457792267978,NA,NA,NA,0.754279102138763,5.02987687474452,2
2013,"SEV","U2","Coarse","Alder",5,857,0.67,3,3,0.330457792267978,0.0271692159240455,0.96279765506259,0.46396773100666,7.8521451461655,66.5954524998297,3
2013,"SEV","U2","Coarse","Alder",6,858,1.87,2,2,0.330457792267978,NA,NA,NA,4.26781173004616,28.4597140048743,2
2014,"VAL","U2","Coarse","Alder",2,224,1.24,2,2,0.330457792267978,NA,NA,NA,2.64810600805215,9.34995390650917,1
2014,"VAL","U2","Coarse","Alder",3,225,0.43,1,1,0.330457792267978,NA,NA,NA,0,0,1
2014,"VAL","U2","Coarse","Alder",5,227,2.03,2,2,0.330457792267978,NA,NA,NA,4.9337187576003,27.3842783764842,2
2014,"VAL","U1","Coarse","Alder",1,235,1.06,1,1,0.330457792267978,NA,NA,NA,0,0,1
2014,"VAL","U1","Coarse","Alder",2,236,1.11,1,1,0.330457792267978,NA,NA,NA,0,0,1
2014,"VAL","U1","Coarse","Alder",4,238,1.2,3,3,0.330457792267978,0.014423675026306,0.971833236821364,0.852183900894955,6.77092945009731,48.7805213255208,2
2014,"VAL","U1","Coarse","Alder",5,239,0.84,1,1,0.330457792267978,NA,NA,NA,0,0,1
2014,"VAL","U1","Coarse","Alder",6,240,1.08,1,1,0.330457792267978,NA,NA,NA,0,0,1
2014,"VAL","D","Coarse","Alder",1,247,1.91,4,4,0.330457792267978,0.370891608687849,0.908967245455716,0.885060934392604,9.56466758775208,92.0830090777392,3
2014,"VAL","D","Coarse","Alder",2,248,1.96,5,5,0.330457792267978,0.370891608687849,0.949252295023599,0.839198780713785,9.43816132982754,90.4019218169947,4
2014,"VAL","D","Coarse","Alder",3,249,2.25,1,1,0.330457792267978,NA,NA,NA,0,0,1
2014,"VAL","D","Coarse","Alder",4,250,2.36,2,2,0.330457792267978,NA,NA,NA,3.25663501178238,24.2415350856385,2
2014,"VAL","D","Coarse","Alder",5,251,1.86,8,8,0.330457792267978,0.658771303842417,0.723237061855278,0.811431328384838,9.27917325464789,90.5430073297062,6
2014,"VIL","U2","Coarse","Alder",1,259,1.97,2,2,0.330457792267978,NA,NA,NA,2.55017908859991,18.0650371775896,2
2014,"VIL","U2","Coarse","Alder",2,260,2.44,1,1,0.330457792267978,NA,NA,NA,0,0,1
2014,"VIL","U2","Coarse","Alder",3,261,2.25,2,2,0.330457792267978,NA,NA,NA,2.77785197701003,17.6376265284081,2
2014,"VIL","U2","Coarse","Alder",4,262,2.01,1,1,0.330457792267978,NA,NA,NA,0,0,1
2014,"VIL","U1","Coarse","Alder",1,271,1.92,1,1,0.330457792267978,NA,NA,NA,0,0,1
2014,"VIL","U1","Coarse","Alder",2,272,1.57,2,2,0.330457792267978,NA,NA,NA,2.57907923390813,20.1212403266979,2
2014,"VIL","U1","Coarse","Alder",3,273,0.76,1,1,0.330457792267978,NA,NA,NA,0,0,1
2014,"VIL","U1","Coarse","Alder",4,274,0.87,1,1,0.330457792267978,NA,NA,NA,0,0,1
2014,"VIL","U1","Coarse","Alder",5,275,1,1,1,0.330457792267978,NA,NA,NA,0,0,1
2014,"VIL","U1","Coarse","Alder",6,276,1.26,1,1,0.330457792267978,NA,NA,NA,0,0,1
