Year,Site,Location,Total_TU_mu,Total_TU_med,Total_TU_max,Metal_TU_mu,Metal_TU_med,Metal_TU_max,Fung_TU_mu,Herb_TU_mu,Insect_TU_mu,Other_TU_mu,Pharma_TU_mu,Fung_TU_med,Herb_TU_med,Insect_TU_med,Other_TU_med,Pharma_TU_med,Fung_TU_max,Herb_TU_max,Insect_TU_max,Other_TU_max,Pharma_TU_max,median_sumTU_HM_gm,median_sumTU_Oth_gm,median_sumTU_PB_gm,median_sumTU_all_gm,median_sumTU_org_gm,median_sumTU_F_gm,median_sumTU_H_gm,median_sumTU_I_gm,median_sumTU_HM.DM_gm,median_sumTU_Oth.DM_gm,median_sumTU_PB.DM_gm,median_sumTU_all.DM_gm,median_sumTU_org.DM_gm,maxTU_HM,maxTU_Oth,maxTU_PB
2013,BUT,D,0.007423293,0.007423293,0.014475529,NA,NA,NA,3.86E-06,5.52E-05,0.005790889,0.00151754,5.58E-05,3.86E-06,5.52E-05,0.005790889,0.00151754,5.58E-05,7.71E-06,0.000107452,0.011581779,0.002667313,0.000111275,NA,5.97E-06,0.001088542,0.001094515,0.001094515,3.41E-06,0.00081908,0.000266051,NA,4.83E-06,0.005847215,0.005852048,0.005852048,NA,1.06E-05,0.002172539
2013,BUT,U1,1.70E-05,1.70E-05,3.03E-05,NA,NA,NA,2.22E-07,8.83E-06,8.00E-08,7.30E-06,5.28E-07,2.22E-07,8.83E-06,8.00E-08,7.30E-06,5.28E-07,4.43E-07,1.41E-05,1.60E-07,1.45E-05,1.06E-06,NA,6.30E-07,4.12E-05,4.18E-05,4.18E-05,2.03E-07,4.09E-05,6.93E-08,NA,5.09E-07,8.56E-06,9.07E-06,9.07E-06,NA,8.80E-07,7.69E-05
2013,BUT,U2,1.70E-05,1.70E-05,3.03E-05,NA,NA,NA,2.22E-07,8.83E-06,8.00E-08,7.30E-06,5.28E-07,2.22E-07,8.83E-06,8.00E-08,7.30E-06,5.28E-07,4.43E-07,1.41E-05,1.60E-07,1.45E-05,1.06E-06,NA,6.30E-07,4.12E-05,4.18E-05,4.18E-05,2.03E-07,4.09E-05,6.93E-08,NA,5.09E-07,8.56E-06,9.07E-06,9.07E-06,NA,8.80E-07,7.69E-05
2013,COL,D,0.001819358,0.001819358,0.002462409,NA,NA,NA,0.000127688,0.000111258,2.60E-06,0.001252457,0.000325353,0.000127688,0.000111258,2.60E-06,0.001252457,0.000325353,0.00024967,0.000221178,5.19E-06,0.001340073,0.000646299,NA,1.13E-05,0.000231591,0.000242868,0.000242868,1.04E-05,0.000122642,2.19E-05,NA,0.000255448,0.000158994,0.000414441,0.000414441,NA,1.46E-05,0.000455525
2013,COL,U1,0.000740263,0.000740263,0.00093321,NA,NA,NA,0.000136474,0.000110443,1.78E-07,0.000492871,2.96E-07,0.000136474,0.000110443,1.78E-07,0.000492871,2.96E-07,0.000261018,0.000218338,3.37E-07,0.000918626,5.06E-07,NA,1.24E-06,0.000151331,0.000152572,0.000152572,1.80E-05,0.000121019,1.23E-05,NA,8.94E-07,0.000124071,0.000124965,0.000124965,NA,1.76E-06,0.000291405
2013,COL,U2,0.000740263,0.000740263,0.00093321,NA,NA,NA,0.000136474,0.000110443,1.78E-07,0.000492871,2.96E-07,0.000136474,0.000110443,1.78E-07,0.000492871,2.96E-07,0.000261018,0.000218338,3.37E-07,0.000918626,5.06E-07,NA,1.24E-06,0.000151331,0.000152572,0.000152572,1.80E-05,0.000121019,1.23E-05,NA,8.94E-07,0.000124071,0.000124965,0.000124965,NA,1.76E-06,0.000291405
2013,DUR,D,0.007870081,0.007870081,0.012035872,NA,NA,NA,7.04E-05,1.51E-05,0.002843578,0.00407073,0.000870252,7.04E-05,1.51E-05,0.002843578,0.00407073,0.000870252,0.000129147,2.52E-05,0.005687089,0.004463861,0.001730559,NA,2.94E-05,0.000278069,0.000307486,0.000307486,5.43E-06,2.74E-05,0.000216149,NA,0.00072069,0.002920633,0.003641323,0.003641323,NA,4.15E-05,0.000540331
2013,DUR,U1,0.00059209,0.00059209,0.000690115,NA,NA,NA,1.92E-05,9.99E-06,9.72E-08,0.000561602,1.24E-06,1.92E-05,9.99E-06,9.72E-08,0.000561602,1.24E-06,3.83E-05,1.84E-05,1.47E-07,0.000633287,2.46E-06,NA,1.92E-06,2.32E-05,2.51E-05,2.51E-05,1.55E-06,1.72E-05,2.96E-06,NA,9.63E-07,2.39E-05,2.49E-05,2.49E-05,NA,2.35E-06,3.68E-05
2013,DUR,U2,0.00059209,0.00059209,0.000690115,NA,NA,NA,1.92E-05,9.99E-06,9.72E-08,0.000561602,1.24E-06,1.92E-05,9.99E-06,9.72E-08,0.000561602,1.24E-06,3.83E-05,1.84E-05,1.47E-07,0.000633287,2.46E-06,NA,1.92E-06,2.32E-05,2.51E-05,2.51E-05,1.55E-06,1.72E-05,2.96E-06,NA,9.63E-07,2.39E-05,2.49E-05,2.49E-05,NA,2.35E-06,3.68E-05
2013,HER,D,0.01791824,0.01791824,0.028576798,NA,NA,NA,0.000908003,2.42E-05,0.008409399,0.007135147,0.00144144,0.000908003,2.42E-05,0.008409399,0.007135147,0.00144144,0.001768153,4.44E-05,0.015769268,0.008134323,0.002860685,NA,5.48E-05,0.000606015,0.000660838,0.000660838,8.34E-06,2.33E-05,0.000530375,NA,0.00078072,0.008519304,0.009300025,0.009300025,NA,7.04E-05,0.001154528
2013,HER,U1,0.000397758,0.000397758,0.000411453,NA,NA,NA,4.46E-05,1.48E-05,4.27E-08,0.000337741,6.09E-07,4.46E-05,1.48E-05,4.27E-08,0.000337741,6.09E-07,8.91E-05,2.76E-05,8.53E-08,0.000408394,1.08E-06,NA,2.18E-06,2.80E-05,3.02E-05,3.02E-05,2.85E-06,1.48E-05,3.70E-08,NA,1.40E-06,5.72E-05,5.86E-05,5.86E-05,NA,2.56E-06,5.37E-05
2013,HER,U2,0.000397758,0.000397758,0.000411453,NA,NA,NA,4.46E-05,1.48E-05,4.27E-08,0.000337741,6.09E-07,4.46E-05,1.48E-05,4.27E-08,0.000337741,6.09E-07,8.91E-05,2.76E-05,8.53E-08,0.000408394,1.08E-06,NA,2.18E-06,2.80E-05,3.02E-05,3.02E-05,2.85E-06,1.48E-05,3.70E-08,NA,1.40E-06,5.72E-05,5.86E-05,5.86E-05,NA,2.56E-06,5.37E-05
2013,HOC,D,0.015056742,0.015056742,0.023016398,NA,NA,NA,4.46E-05,1.08E-05,0.001421048,0.013008995,0.000571346,4.46E-05,1.08E-05,0.001421048,0.013008995,0.000571346,7.64E-05,1.75E-05,0.002317141,0.022461773,0.001129764,NA,3.80E-05,0.000170597,0.000208641,0.000208641,5.20E-06,2.70E-05,9.84E-05,NA,0.000355017,0.001474079,0.001829096,0.001829096,NA,4.80E-05,0.000308306
2013,HOC,U1,0.003824846,0.003824846,0.006747707,NA,NA,NA,1.31E-05,5.51E-06,0.000210101,0.003585648,1.05E-05,1.31E-05,5.51E-06,0.000210101,0.003585648,1.05E-05,2.36E-05,8.55E-06,0.000419895,0.00674226,2.09E-05,NA,8.47E-06,3.76E-05,4.61E-05,4.61E-05,2.63E-06,2.31E-05,1.04E-05,NA,7.66E-06,0.000226399,0.000234062,0.000234062,NA,1.53E-05,6.72E-05
2013,HOC,U2,0.003824846,0.003824846,0.006747707,NA,NA,NA,1.31E-05,5.51E-06,0.000210101,0.003585648,1.05E-05,1.31E-05,5.51E-06,0.000210101,0.003585648,1.05E-05,2.36E-05,8.55E-06,0.000419895,0.00674226,2.09E-05,NA,8.47E-06,3.76E-05,4.61E-05,4.61E-05,2.63E-06,2.31E-05,1.04E-05,NA,7.66E-06,0.000226399,0.000234062,0.000234062,NA,1.53E-05,6.72E-05
2013,HOR,D,0.004862081,0.004862081,0.008227041,NA,NA,NA,0.000243251,0.000125631,0.002213746,0.001612922,0.000666531,0.000243251,0.000125631,0.002213746,0.001612922,0.000666531,0.000486502,0.000250497,0.004427482,0.001733863,0.001328698,NA,1.28E-05,0.000379269,0.000392088,0.000392088,0.000125886,7.28E-05,0.000180632,NA,0.000569267,0.002476415,0.003045681,0.003045681,NA,1.71E-05,0.000755927
2013,HOR,U1,1.94E-05,1.94E-05,3.85E-05,NA,NA,NA,1.57E-05,2.87E-06,1.17E-07,9.40E-08,6.17E-07,1.57E-05,2.87E-06,1.17E-07,9.40E-08,6.17E-07,3.13E-05,5.66E-06,2.25E-07,1.24E-07,1.23E-06,NA,3.70E-07,1.43E-05,1.47E-05,1.47E-05,8.64E-07,5.95E-06,5.10E-07,NA,2.12E-07,1.79E-05,1.82E-05,1.82E-05,NA,5.90E-07,2.69E-05
2013,HOR,U2,1.94E-05,1.94E-05,3.85E-05,NA,NA,NA,1.57E-05,2.87E-06,1.17E-07,9.40E-08,6.17E-07,1.57E-05,2.87E-06,1.17E-07,9.40E-08,6.17E-07,3.13E-05,5.66E-06,2.25E-07,1.24E-07,1.23E-06,NA,3.70E-07,1.43E-05,1.47E-05,1.47E-05,8.64E-07,5.95E-06,5.10E-07,NA,2.12E-07,1.79E-05,1.82E-05,1.82E-05,NA,5.90E-07,2.69E-05
2013,KER,D,0.019730626,0.019730626,0.028968862,NA,NA,NA,6.70E-05,8.62E-05,0.00872403,0.009862869,0.000990518,6.70E-05,8.62E-05,0.00872403,0.009862869,0.000990518,0.000111827,0.000168506,0.016818084,0.009916537,0.001953908,NA,6.01E-05,0.000763701,0.0008238,0.0008238,8.98E-05,7.62E-05,0.000535326,NA,0.000616631,0.008872961,0.009489592,0.009489592,NA,7.18E-05,0.001458794
2013,KER,U1,0.000481964,0.000481964,0.000668687,NA,NA,NA,1.82E-05,9.10E-05,5.03E-07,0.000367629,4.71E-06,1.82E-05,9.10E-05,5.03E-07,0.000367629,4.71E-06,2.95E-05,0.000179449,8.96E-07,0.000449382,9.41E-06,NA,1.83E-06,0.000138831,0.00014066,0.00014066,5.38E-05,6.47E-05,2.03E-05,NA,1.56E-06,0.000107035,0.000108592,0.000108592,NA,3.08E-06,0.000257906
2013,KER,U2,0.000481964,0.000481964,0.000668687,NA,NA,NA,1.82E-05,9.10E-05,5.03E-07,0.000367629,4.71E-06,1.82E-05,9.10E-05,5.03E-07,0.000367629,4.71E-06,2.95E-05,0.000179449,8.96E-07,0.000449382,9.41E-06,NA,1.83E-06,0.000138831,0.00014066,0.00014066,5.38E-05,6.47E-05,2.03E-05,NA,1.56E-06,0.000107035,0.000108592,0.000108592,NA,3.08E-06,0.000257906
2013,MES,D,0.070389181,0.070389181,0.139398522,NA,NA,NA,5.48E-05,5.72E-05,0.068250428,0.001916005,0.00011076,5.48E-05,5.72E-05,0.068250428,0.001916005,0.00011076,0.000106001,0.000113445,0.136500769,0.002462159,0.000216148,NA,1.51E-05,0.003358402,0.003373452,0.003373452,1.75E-05,0.00013038,0.003190183,NA,9.72E-06,0.068356372,0.068366088,0.068366088,NA,2.12E-05,0.00670149
2013,MES,U1,0.009629045,0.009629045,0.019253998,NA,NA,NA,6.10E-05,6.78E-05,0.009445849,5.43E-05,9.65E-08,6.10E-05,6.78E-05,0.009445849,5.43E-05,9.65E-08,0.000118449,0.000135241,0.018891619,0.000108501,1.88E-07,NA,2.74E-07,0.000554019,0.000554293,0.000554293,1.66E-05,0.000101567,0.000433327,NA,2.23E-07,0.009564345,0.009564567,0.009564567,NA,4.55E-07,0.001094178
2013,MES,U2,0.009629045,0.009629045,0.019253998,NA,NA,NA,6.10E-05,6.78E-05,0.009445849,5.43E-05,9.65E-08,6.10E-05,6.78E-05,0.009445849,5.43E-05,9.65E-08,0.000118449,0.000135241,0.018891619,0.000108501,1.88E-07,NA,2.74E-07,0.000554019,0.000554293,0.000554293,1.66E-05,0.000101567,0.000433327,NA,2.23E-07,0.009564345,0.009564567,0.009564567,NA,4.55E-07,0.001094178
2013,NIE,D,0.004475715,0.004475715,0.00649523,NA,NA,NA,2.88E-05,1.96E-06,0.001210346,0.002562444,0.000672192,2.88E-05,1.96E-06,0.001210346,0.002562444,0.000672192,5.75E-05,3.89E-06,0.002420679,0.002674091,0.00133903,NA,1.41E-05,0.000101001,0.000115064,0.000115064,1.37E-05,1.46E-06,8.20E-05,NA,0.000570286,0.001240448,0.001810734,0.001810734,NA,1.91E-05,0.000200619
2013,NIE,U1,7.70E-05,7.70E-05,7.77E-05,NA,NA,NA,3.78E-06,5.31E-07,2.93E-08,7.27E-05,3.83E-08,3.78E-06,5.31E-07,2.93E-08,7.27E-05,3.83E-08,7.57E-06,1.06E-06,4.40E-08,7.77E-05,5.65E-08,NA,3.01E-07,3.05E-06,3.35E-06,3.35E-06,0,4.21E-07,8.09E-07,NA,2.51E-07,4.18E-06,4.43E-06,4.43E-06,NA,3.19E-07,4.51E-06
2013,NIE,U2,7.70E-05,7.70E-05,7.77E-05,NA,NA,NA,3.78E-06,5.31E-07,2.93E-08,7.27E-05,3.83E-08,3.78E-06,5.31E-07,2.93E-08,7.27E-05,3.83E-08,7.57E-06,1.06E-06,4.40E-08,7.77E-05,5.65E-08,NA,3.01E-07,3.05E-06,3.35E-06,3.35E-06,0,4.21E-07,8.09E-07,NA,2.51E-07,4.18E-06,4.43E-06,4.43E-06,NA,3.19E-07,4.51E-06
2013,ROM,D,0.006212971,0.006212971,0.006647457,NA,NA,NA,8.46E-05,4.51E-06,0.001311991,0.004295099,0.000516775,8.46E-05,4.51E-06,0.001311991,0.004295099,0.000516775,0.000130446,6.18E-06,0.002099216,0.005109015,0.001022128,NA,2.15E-05,0.000145878,0.000167352,0.000167352,5.83E-05,5.19E-06,6.03E-05,NA,0.000435574,0.001400478,0.001836052,0.001836052,NA,2.46E-05,0.000158392
2013,ROM,U1,0.001792427,0.001792427,0.002914503,NA,NA,NA,1.07E-05,1.85E-06,0.000472533,0.001306622,7.67E-07,1.07E-05,1.85E-06,0.000472533,0.001306622,7.67E-07,1.46E-05,2.04E-06,0.000945066,0.001959574,1.50E-06,NA,2.75E-06,3.17E-05,3.44E-05,3.44E-05,6.47E-06,2.85E-06,2.15E-05,NA,2.41E-06,0.000484497,0.000486911,0.000486911,NA,3.60E-06,5.02E-05
2013,ROM,U2,0.001792427,0.001792427,0.002914503,NA,NA,NA,1.07E-05,1.85E-06,0.000472533,0.001306622,7.67E-07,1.07E-05,1.85E-06,0.000472533,0.001306622,7.67E-07,1.46E-05,2.04E-06,0.000945066,0.001959574,1.50E-06,NA,2.75E-06,3.17E-05,3.44E-05,3.44E-05,6.47E-06,2.85E-06,2.15E-05,NA,2.41E-06,0.000484497,0.000486911,0.000486911,NA,3.60E-06,5.02E-05
2013,ROT,D,0.000798406,0.000798406,0.000904053,NA,NA,NA,6.15E-06,9.87E-07,8.00E-08,0.000634436,0.00015675,6.15E-06,9.87E-07,8.00E-08,0.000634436,0.00015675,1.12E-05,1.23E-06,1.60E-07,0.000899243,0.000311017,NA,4.40E-06,5.19E-06,9.59E-06,9.59E-06,1.93E-06,9.62E-07,6.93E-08,NA,0.000119324,6.95E-06,0.000126277,0.000126277,NA,4.44E-06,7.25E-06
2013,ROT,U1,0.000172823,0.000172823,0.000205524,NA,NA,NA,1.46E-06,7.40E-07,2.60E-08,0.000167423,3.17E-06,1.46E-06,7.40E-07,2.60E-08,0.000167423,3.17E-06,2.92E-06,8.96E-07,5.20E-08,0.00020414,5.86E-06,NA,3.43E-07,1.47E-06,1.81E-06,1.81E-06,0,7.47E-07,2.25E-08,NA,2.54E-07,2.04E-06,2.29E-06,2.29E-06,NA,4.44E-07,1.98E-06
2013,ROT,U2,0.000172823,0.000172823,0.000205524,NA,NA,NA,1.46E-06,7.40E-07,2.60E-08,0.000167423,3.17E-06,1.46E-06,7.40E-07,2.60E-08,0.000167423,3.17E-06,2.92E-06,8.96E-07,5.20E-08,0.00020414,5.86E-06,NA,3.43E-07,1.47E-06,1.81E-06,1.81E-06,0,7.47E-07,2.25E-08,NA,2.54E-07,2.04E-06,2.29E-06,2.29E-06,NA,4.44E-07,1.98E-06
2013,SEV,D,0.003125253,0.003125253,0.004825821,NA,NA,NA,2.31E-05,4.92E-05,0.000482456,0.002511126,5.94E-05,2.31E-05,4.92E-05,0.000482456,0.002511126,5.94E-05,4.52E-05,9.58E-05,0.000734682,0.004082699,0.000113949,NA,7.98E-06,0.000161071,0.000169055,0.000169055,1.38E-05,5.41E-05,8.76E-05,NA,4.96E-06,0.000553354,0.000558311,0.000558311,NA,9.76E-06,0.000281737
2013,SEV,U1,0.000806869,0.000806869,0.001411167,NA,NA,NA,4.54E-05,5.69E-05,0.000367468,0.000337053,1.29E-07,4.54E-05,5.69E-05,0.000367468,0.000337053,1.29E-07,8.95E-05,0.000112143,0.000734679,0.000673697,2.48E-07,NA,8.27E-07,9.45E-05,9.54E-05,9.54E-05,1.03E-05,6.29E-05,1.72E-05,NA,6.63E-07,0.000468396,0.000469059,0.000469059,NA,1.08E-06,0.000149995
2013,SEV,U2,0.000806869,0.000806869,0.001411167,NA,NA,NA,4.54E-05,5.69E-05,0.000367468,0.000337053,1.29E-07,4.54E-05,5.69E-05,0.000367468,0.000337053,1.29E-07,8.95E-05,0.000112143,0.000734679,0.000673697,2.48E-07,NA,8.27E-07,9.45E-05,9.54E-05,9.54E-05,1.03E-05,6.29E-05,1.72E-05,NA,6.63E-07,0.000468396,0.000469059,0.000469059,NA,1.08E-06,0.000149995
2014,ELG,D,0.043035085,0.040732663,0.071650309,0.037241973,0.035558839,0.069688755,1.81E-05,1.57E-05,0.001731834,0.041086963,0.000182471,2.01E-05,1.27E-05,0.000682401,0.039491814,1.90E-05,3.00E-05,4.34E-05,0.007346935,0.070976902,0.000994258,0.008274555,2.73E-05,9.04E-05,0.008398434,0.000123879,1.25E-06,1.44E-05,5.08E-05,0.035558838,2.03E-05,0.000731656,0.036606388,0.00092866,0.016568874,6.73E-05,0.000388541
2014,ELG,U1,0.017675859,0.013761475,0.033260187,0.017589125,0.013734103,0.033038873,3.83E-06,4.54E-06,3.82E-08,0.017662403,5.04E-06,0,8.00E-07,5.48E-09,0.013760745,8.75E-08,1.61E-05,1.39E-05,2.00E-07,0.033200343,2.99E-05,0.003382851,3.42E-07,1.44E-05,0.003387379,1.46E-05,0,4.07E-06,5.93E-07,0.013734104,2.68E-07,8.40E-07,0.013734971,1.14E-06,0.007862128,3.07E-06,0.000130785
2014,ELG,U2,0.017675859,0.013761475,0.033260187,0.017589125,0.013734103,0.033038873,3.83E-06,4.54E-06,3.82E-08,0.017662403,5.04E-06,0,8.00E-07,5.48E-09,0.013760745,8.75E-08,1.61E-05,1.39E-05,2.00E-07,0.033200343,2.99E-05,0.003382851,3.42E-07,1.44E-05,0.003387379,1.46E-05,0,4.07E-06,5.93E-07,0.013734104,2.68E-07,8.40E-07,0.013734971,1.14E-06,0.007862128,3.07E-06,0.000130785
2014,ELL,D,0.058123476,0.055209087,0.097408682,0.049837005,0.044695943,0.085560132,9.50E-05,4.21E-05,0.00116542,0.056219095,0.000601848,8.81E-05,1.20E-05,0.001116328,0.052118007,1.85E-05,0.000173432,0.000188926,0.002428891,0.094766682,0.003524971,0.010545144,4.53E-05,0.00019599,0.010960925,0.000234635,1.12E-05,1.82E-05,0.00017022,0.044695943,3.66E-05,0.001308651,0.047440561,0.001338496,0.020272293,8.58E-05,0.000606329
2014,ELL,U1,0.027530963,0.025681997,0.048761011,0.02707584,0.025389111,0.047196115,5.01E-05,2.35E-05,8.78E-05,0.027369478,1.53E-08,1.37E-05,3.55E-06,3.38E-08,0.02566469,1.15E-09,0.000158819,0.000108865,0.000526593,0.048053612,7.69E-08,0.006184992,2.44E-07,1.53E-05,0.006200736,1.57E-05,3.92E-06,8.68E-06,3.65E-06,0.025389112,2.25E-07,1.71E-05,0.025406591,1.75E-05,0.011283953,1.40E-06,0.000188555
2014,ELL,U2,0.027530963,0.025681997,0.048761011,0.02707584,0.025389111,0.047196115,5.01E-05,2.35E-05,8.78E-05,0.027369478,1.53E-08,1.37E-05,3.55E-06,3.38E-08,0.02566469,1.15E-09,0.000158819,0.000108865,0.000526593,0.048053612,7.69E-08,0.006184992,2.44E-07,1.53E-05,0.006200736,1.57E-05,3.92E-06,8.68E-06,3.65E-06,0.025389112,2.25E-07,1.71E-05,0.025406591,1.75E-05,0.011283953,1.40E-06,0.000188555
2014,KNO,D,0.044091267,0.044097636,0.071616398,0.034344308,0.034101594,0.061757004,0.000250253,9.88E-06,0.001756667,0.040889802,0.001184662,3.14E-05,9.51E-06,0.000472294,0.038090368,1.82E-05,0.001311749,1.62E-05,0.007163533,0.071565251,0.007022676,0.008050769,3.51E-05,4.97E-05,0.008123355,7.43E-05,5.10E-06,2.02E-05,2.20E-05,0.034101594,2.50E-05,0.000540334,0.037531291,0.000563753,0.013904152,8.88E-05,0.001745186
2014,KNO,U1,0.026365522,0.01765845,0.070317098,0.025184157,0.017546384,0.069038937,0.000263566,3.04E-06,0.000647212,0.02545169,9.64E-09,8.68E-06,2.39E-06,5.02E-09,0.017569943,3.72E-09,0.001550676,6.49E-06,0.00209906,0.070304783,3.39E-08,0.004426879,3.39E-07,1.99E-05,0.004480513,2.02E-05,1.13E-06,8.35E-06,5.43E-07,0.017546385,1.85E-07,1.58E-05,0.017607405,1.68E-05,0.014736654,1.97E-06,0.001493531
2014,KNO,U2,0.026365522,0.01765845,0.070317098,0.025184157,0.017546384,0.069038937,0.000263566,3.04E-06,0.000647212,0.02545169,9.64E-09,8.68E-06,2.39E-06,5.02E-09,0.017569943,3.72E-09,0.001550676,6.49E-06,0.00209906,0.070304783,3.39E-08,0.004426879,3.39E-07,1.99E-05,0.004480513,2.02E-05,1.13E-06,8.35E-06,5.43E-07,0.017546385,1.85E-07,1.58E-05,0.017607405,1.68E-05,0.014736654,1.97E-06,0.001493531
2014,MAR,D,0.04764733,0.047138474,0.063682901,0.041952926,0.039557557,0.062485742,0.00010419,1.79E-05,0.001180235,0.046203082,0.000141911,9.89E-05,4.94E-06,0.001192632,0.045383621,1.55E-05,0.000231174,8.01E-05,0.002375679,0.063630951,0.000759243,0.009412406,2.65E-05,0.000389818,0.009941663,0.000416102,2.08E-05,9.54E-06,0.000332852,0.039557557,2.06E-05,0.001334544,0.041308847,0.001663685,0.015357983,6.22E-05,0.00082405
2014,MAR,U1,0.025821577,0.026180354,0.038445249,0.025692494,0.025947004,0.038333672,5.76E-05,4.52E-06,5.47E-07,0.025758884,1.86E-08,4.25E-05,1.33E-06,1.28E-08,0.026064448,2.43E-09,0.000133761,1.70E-05,3.19E-06,0.038409184,8.70E-08,0.00624901,2.07E-07,2.24E-05,0.006318215,2.25E-05,1.32E-05,4.46E-06,2.60E-08,0.025947005,1.29E-07,4.68E-05,0.026054981,4.69E-05,0.009831203,3.95E-07,0.000107432
2014,MAR,U2,0.025821577,0.026180354,0.038445249,0.025692494,0.025947004,0.038333672,5.76E-05,4.52E-06,5.47E-07,0.025758884,1.86E-08,4.25E-05,1.33E-06,1.28E-08,0.026064448,2.43E-09,0.000133761,1.70E-05,3.19E-06,0.038409184,8.70E-08,0.00624901,2.07E-07,2.24E-05,0.006318215,2.25E-05,1.32E-05,4.46E-06,2.60E-08,0.025947005,1.29E-07,4.68E-05,0.026054981,4.69E-05,0.009831203,3.95E-07,0.000107432
2014,MUR,D,0.066288491,0.062760773,0.084401959,0.043531914,0.044495036,0.059130023,0.00025795,2.36E-05,0.012835816,0.052823786,0.000347371,0.000119623,1.53E-05,0.010880058,0.054201373,3.17E-05,0.000936652,8.20E-05,0.03396702,0.070869631,0.001900062,0.010021085,5.04E-05,0.00096258,0.011615071,0.000999298,3.04E-05,2.37E-05,0.000649223,0.044495035,3.57E-05,0.011366423,0.056033783,0.01142894,0.013895205,0.000132863,0.009235689
2014,MUR,U1,0.008658658,0.008316793,0.01595952,0.008309017,0.007306911,0.015887683,1.50E-06,1.27E-06,0.000323712,0.008332172,5.83E-09,1.12E-06,1.05E-06,2.24E-08,0.007342642,0,4.11E-06,2.48E-06,0.001942172,0.015955089,3.31E-08,0.001784024,5.30E-08,8.46E-06,0.00221624,8.56E-06,1.60E-07,3.59E-06,2.73E-06,0.007306911,3.09E-08,2.74E-06,0.008280598,2.77E-06,0.003930572,2.93E-07,0.000861318
2014,MUR,U2,0.008658658,0.008316793,0.01595952,0.008309017,0.007306911,0.015887683,1.50E-06,1.27E-06,0.000323712,0.008332172,5.83E-09,1.12E-06,1.05E-06,2.24E-08,0.007342642,0,4.11E-06,2.48E-06,0.001942172,0.015955089,3.31E-08,0.001784024,5.30E-08,8.46E-06,0.00221624,8.56E-06,1.60E-07,3.59E-06,2.73E-06,0.007306911,3.09E-08,2.74E-06,0.008280598,2.77E-06,0.003930572,2.93E-07,0.000861318
2014,REI,D,0.050688102,0.048374028,0.095510395,0.03804958,0.029884127,0.091258892,5.57E-05,1.55E-05,0.003454514,0.04621831,0.000944112,3.64E-05,7.50E-06,0.001469346,0.040659903,2.48E-05,0.000151257,4.73E-05,0.010514459,0.094732012,0.005543432,0.007147651,4.40E-05,9.16E-05,0.007556898,0.000129804,5.70E-06,1.35E-05,6.71E-05,0.029884127,3.11E-05,0.001507921,0.039200673,0.001531342,0.021833475,9.30E-05,0.000741114
2014,REI,U1,0.017772741,0.014587841,0.042514924,0.017397687,0.01444376,0.042438111,8.03E-06,2.83E-06,0.000209907,0.017551958,1.49E-08,3.76E-06,2.29E-06,0,0.014583667,8.34E-09,2.95E-05,5.75E-06,0.001259436,0.042503527,3.67E-08,0.003630828,3.84E-07,7.90E-06,0.003635984,8.59E-06,4.96E-07,5.11E-06,0,0.014443761,2.23E-07,6.35E-06,0.014448182,6.94E-06,0.010132294,3.02E-06,7.28E-05
2014,REI,U2,0.017772741,0.014587841,0.042514924,0.017397687,0.01444376,0.042438111,8.03E-06,2.83E-06,0.000209907,0.017551958,1.49E-08,3.76E-06,2.29E-06,0,0.014583667,8.34E-09,2.95E-05,5.75E-06,0.001259436,0.042503527,3.67E-08,0.003630828,3.84E-07,7.90E-06,0.003635984,8.59E-06,4.96E-07,5.11E-06,0,0.014443761,2.23E-07,6.35E-06,0.014448182,6.94E-06,0.010132294,3.02E-06,7.28E-05
2014,VAL,D,0.07549851,0.070853415,0.17484304,0.052835369,0.053020337,0.117422403,4.97E-05,0.000226047,0.007988793,0.066646123,0.000587842,3.94E-05,2.37E-05,0.003076722,0.065811554,6.66E-05,0.000137138,0.001246169,0.034729749,0.139918428,0.003257887,0.012065855,8.69E-05,0.000678113,0.012866861,0.000785835,4.66E-06,2.95E-05,0.000548606,0.053020337,8.99E-05,0.003109799,0.05766626,0.004042065,0.027530876,0.000158094,0.002541737
2014,VAL,U1,0.028320815,0.023920157,0.05701995,0.027458306,0.023731801,0.055709656,1.09E-05,5.03E-05,8.75E-05,0.028154177,1.79E-05,8.30E-08,2.68E-06,6.35E-08,0.023917779,5.47E-07,5.82E-05,0.000290183,0.000524781,0.056566971,0.000104535,0.005479841,2.68E-06,1.17E-05,0.00549187,1.42E-05,8.37E-08,5.65E-06,6.86E-06,0.023731801,1.77E-06,2.89E-06,0.023734358,4.86E-06,0.013198546,2.98E-05,0.000116055
2014,VAL,U2,0.028320815,0.023920157,0.05701995,0.027458306,0.023731801,0.055709656,1.09E-05,5.03E-05,8.75E-05,0.028154177,1.79E-05,8.30E-08,2.68E-06,6.35E-08,0.023917779,5.47E-07,5.82E-05,0.000290183,0.000524781,0.056566971,0.000104535,0.005479841,2.68E-06,1.17E-05,0.00549187,1.42E-05,8.37E-08,5.65E-06,6.86E-06,0.023731801,1.77E-06,2.89E-06,0.023734358,4.86E-06,0.013198546,2.98E-05,0.000116055
2014,VIL,D,0.033327849,0.03503576,0.048208002,0.028852148,0.030435059,0.040156767,1.08E-05,3.13E-06,0.000495169,0.032662077,0.000156647,8.97E-06,2.95E-06,0.000472289,0.034090127,1.98E-05,3.37E-05,5.59E-06,0.001068688,0.047101995,0.000858827,0.007107252,2.39E-05,4.67E-05,0.007240838,7.07E-05,6.84E-07,4.08E-06,2.15E-05,0.030435058,1.96E-05,0.000495045,0.031174246,0.000726196,0.008944279,3.43E-05,0.000227117
2014,VIL,U1,0.015191533,0.012466437,0.027942175,0.015089242,0.012437116,0.027759069,3.79E-06,1.03E-06,7.61E-10,0.015183073,3.64E-06,0,8.63E-07,0,0.012465755,9.16E-08,2.01E-05,2.01E-06,4.57E-09,0.027898997,2.15E-05,0.002975661,4.53E-07,1.83E-06,0.002977468,2.23E-06,0,1.83E-06,0,0.012437117,2.89E-07,8.63E-07,0.012437892,1.08E-06,0.006711279,2.57E-06,1.87E-05
2014,VIL,U2,0.015191533,0.012466437,0.027942175,0.015089242,0.012437116,0.027759069,3.79E-06,1.03E-06,7.61E-10,0.015183073,3.64E-06,0,8.63E-07,0,0.012465755,9.16E-08,2.01E-05,2.01E-06,4.57E-09,0.027898997,2.15E-05,0.002975661,4.53E-07,1.83E-06,0.002977468,2.23E-06,0,1.83E-06,0,0.012437117,2.89E-07,8.63E-07,0.012437892,1.08E-06,0.006711279,2.57E-06,1.87E-05
